日期,设备ID,当日产量(瓶),运行时长(小时),停机时长(小时),状态,故障类型,故障描述
2025/6/1,PACKAGER_A_01,132637,15,1,运行,无,正常
2025/6/1,PACKAGER_A_02,132637,15,1,运行,无,正常
2025/6/1,PACKAGER_A_03,132637,15,1,运行,无,正常
2025/6/1,PACKAGER_A_04,132637,15,1,运行,无,正常
2025/6/1,PACKAGER_A_05,132637,0,16,停机,软件,软件故障
2025/6/1,PACKAGER_A_06,132637,15,1,运行,无,正常
2025/6/1,PACKAGER_B_01,132637,15,1,运行,无,正常
2025/6/1,PACKAGER_B_02,132637,15,1,运行,无,正常
2025/6/1,PACKAGER_B_03,132637,15,1,运行,无,正常
2025/6/1,PACKAGER_B_04,132637,15,1,运行,无,正常
2025/6/1,PACKAGER_B_05,132637,15,1,运行,无,正常
2025/6/1,PACKAGER_B_06,132637,15,1,运行,无,正常
2025/6/1,FILLER_01,289819,15,1,运行,无,正常
2025/6/1,FILLER_02,289819,15,1,运行,无,正常
2025/6/1,FILLER_03,289819,15,1,运行,无,正常
2025/6/1,FILLER_04,289819,15,1,运行,无,正常
2025/6/1,FILLER_05,289819,15,1,运行,无,正常
2025/6/1,FILLER_06,289819,15,1,运行,无,正常
2025/6/1,FILLER_07,289819,15,1,运行,无,正常
2025/6/1,FILLER_08,289819,15,1,运行,无,正常
2025/6/1,FILLER_09,289819,15,1,运行,无,正常
2025/6/1,FILLER_10,289819,15,1,运行,无,正常
2025/6/1,FILLER_11,289819,0,16,停机,机械,机械故障
2025/6/1,STERILIZER_01,1592231,15,1,运行,无,正常
2025/6/1,STERILIZER_02,1592231,15,1,运行,无,正常
2025/6/10,PACKAGER_A_01,365456,15,1,运行,无,正常
2025/6/10,PACKAGER_A_02,365456,15,1,运行,无,正常
2025/6/10,PACKAGER_A_03,365456,15,1,运行,无,正常
2025/6/10,PACKAGER_A_04,365456,15,1,运行,无,正常
2025/6/10,PACKAGER_A_05,365456,15,1,运行,无,正常
2025/6/10,PACKAGER_A_06,365456,15,1,运行,无,正常
2025/6/10,PACKAGER_B_01,365456,15,1,运行,无,正常
2025/6/10,PACKAGER_B_02,365456,15,1,运行,无,正常
2025/6/10,PACKAGER_B_03,365456,15,1,运行,无,正常
2025/6/10,PACKAGER_B_04,365456,15,1,运行,无,正常
2025/6/10,PACKAGER_B_05,365456,15,1,运行,无,正常
2025/6/10,PACKAGER_B_06,365456,15,1,运行,无,正常
2025/6/10,FILLER_01,365605,0,16,停机,液压,液压故障
2025/6/10,FILLER_02,365605,15,1,运行,无,正常
2025/6/10,FILLER_03,365605,15,1,运行,无,正常
2025/6/10,FILLER_04,365605,15,1,运行,无,正常
2025/6/10,FILLER_05,365605,15,1,运行,无,正常
2025/6/10,FILLER_06,365605,15,1,运行,无,正常
2025/6/10,FILLER_07,365605,15,1,运行,无,正常
2025/6/10,FILLER_08,365605,15,1,运行,无,正常
2025/6/10,FILLER_09,365605,15,1,运行,无,正常
2025/6/10,FILLER_10,365605,15,1,运行,无,正常
2025/6/10,FILLER_11,365605,15,1,运行,无,正常
2025/6/10,STERILIZER_01,2008214,15,1,运行,无,正常
2025/6/10,STERILIZER_02,2008214,15,1,运行,无,正常
2025/6/11,PACKAGER_A_01,332047,15,1,运行,无,正常
2025/6/11,PACKAGER_A_02,332047,0,16,停机,软件,软件故障
2025/6/11,PACKAGER_A_03,332047,15,1,运行,无,正常
2025/6/11,PACKAGER_A_04,332047,15,1,运行,无,正常
2025/6/11,PACKAGER_A_05,332047,15,1,运行,无,正常
2025/6/11,PACKAGER_A_06,332047,15,1,运行,无,正常
2025/6/11,PACKAGER_B_01,332047,15,1,运行,无,正常
2025/6/11,PACKAGER_B_02,332047,15,1,运行,无,正常
2025/6/11,PACKAGER_B_03,332047,15,1,运行,无,正常
2025/6/11,PACKAGER_B_04,332047,15,1,运行,无,正常
2025/6/11,PACKAGER_B_05,332047,15,1,运行,无,正常
2025/6/11,PACKAGER_B_06,332047,15,1,运行,无,正常
2025/6/11,FILLER_01,400152,0,16,停机,液压,液压故障
2025/6/11,FILLER_02,400152,15,1,运行,无,正常
2025/6/11,FILLER_03,400152,15,1,运行,无,正常
2025/6/11,FILLER_04,400152,15,1,运行,无,正常
2025/6/11,FILLER_05,400152,15,1,运行,无,正常
2025/6/11,FILLER_06,400152,15,1,运行,无,正常
2025/6/11,FILLER_07,400152,15,1,运行,无,正常
2025/6/11,FILLER_08,400152,15,1,运行,无,正常
2025/6/11,FILLER_09,400152,15,1,运行,无,正常
2025/6/11,FILLER_10,400152,15,1,运行,无,正常
2025/6/11,FILLER_11,400152,15,1,运行,无,正常
2025/6/11,STERILIZER_01,2198164,15,1,运行,无,正常
2025/6/11,STERILIZER_02,2198164,15,1,运行,无,正常
2025/6/12,PACKAGER_A_01,400058,15,1,运行,无,正常
2025/6/12,PACKAGER_A_02,400058,15,1,运行,无,正常
2025/6/12,PACKAGER_A_03,400058,15,1,运行,无,正常
2025/6/12,PACKAGER_A_04,400058,15,1,运行,无,正常
2025/6/12,PACKAGER_A_05,400058,15,1,运行,无,正常
2025/6/12,PACKAGER_A_06,400058,0,16,停机,机械,机械故障
2025/6/12,PACKAGER_B_01,400058,0,16,停机,机械,机械故障
2025/6/12,PACKAGER_B_02,400058,15,1,运行,无,正常
2025/6/12,PACKAGER_B_03,400058,15,1,运行,无,正常
2025/6/12,PACKAGER_B_04,400058,15,1,运行,无,正常
2025/6/12,PACKAGER_B_05,400058,15,1,运行,无,正常
2025/6/12,PACKAGER_B_06,400058,15,1,运行,无,正常
2025/6/12,FILLER_01,436578,15,1,运行,无,正常
2025/6/12,FILLER_02,436578,15,1,运行,无,正常
2025/6/12,FILLER_03,436578,15,1,运行,无,正常
2025/6/12,FILLER_04,436578,15,1,运行,无,正常
2025/6/12,FILLER_05,436578,15,1,运行,无,正常
2025/6/12,FILLER_06,436578,15,1,运行,无,正常
2025/6/12,FILLER_07,436578,15,1,运行,无,正常
2025/6/12,FILLER_08,436578,15,1,运行,无,正常
2025/6/12,FILLER_09,436578,15,1,运行,无,正常
2025/6/12,FILLER_10,436578,15,1,运行,无,正常
2025/6/12,FILLER_11,436578,0,16,停机,液压,液压故障
2025/6/12,STERILIZER_01,2398312,15,1,运行,无,正常
2025/6/12,STERILIZER_02,2398312,15,1,运行,无,正常
2025/6/13,PACKAGER_A_01,367374,15,1,运行,无,正常
2025/6/13,PACKAGER_A_02,367374,0,16,停机,电气,电气故障
2025/6/13,PACKAGER_A_03,367374,15,1,运行,无,正常
2025/6/13,PACKAGER_A_04,367374,15,1,运行,无,正常
2025/6/13,PACKAGER_A_05,367374,15,1,运行,无,正常
2025/6/13,PACKAGER_A_06,367374,15,1,运行,无,正常
2025/6/13,PACKAGER_B_01,367374,15,1,运行,无,正常
2025/6/13,PACKAGER_B_02,367374,15,1,运行,无,正常
2025/6/13,PACKAGER_B_03,367374,0,16,停机,机械,机械故障
2025/6/13,PACKAGER_B_04,367374,0,16,停机,电气,电气故障
2025/6/13,PACKAGER_B_05,367374,15,1,运行,无,正常
2025/6/13,PACKAGER_B_06,367374,15,1,运行,无,正常
2025/6/13,FILLER_01,438573,15,1,运行,无,正常
2025/6/13,FILLER_02,438573,15,1,运行,无,正常
2025/6/13,FILLER_03,438573,15,1,运行,无,正常
2025/6/13,FILLER_04,438573,15,1,运行,无,正常
2025/6/13,FILLER_05,438573,15,1,运行,无,正常
2025/6/13,FILLER_06,438573,15,1,运行,无,正常
2025/6/13,FILLER_07,438573,15,1,运行,无,正常
2025/6/13,FILLER_08,438573,15,1,运行,无,正常
2025/6/13,FILLER_09,438573,0,16,停机,液压,液压故障
2025/6/13,FILLER_10,438573,15,1,运行,无,正常
2025/6/13,FILLER_11,438573,15,1,运行,无,正常
2025/6/13,STERILIZER_01,2409177,15,1,运行,无,正常
2025/6/13,STERILIZER_02,2409177,15,1,运行,无,正常
2025/6/14,PACKAGER_A_01,399444,15,1,运行,无,正常
2025/6/14,PACKAGER_A_02,399444,15,1,运行,无,正常
2025/6/14,PACKAGER_A_03,399444,15,1,运行,无,正常
2025/6/14,PACKAGER_A_04,399444,15,1,运行,无,正常
2025/6/14,PACKAGER_A_05,399444,15,1,运行,无,正常
2025/6/14,PACKAGER_A_06,399444,15,1,运行,无,正常
2025/6/14,PACKAGER_B_01,399444,15,1,运行,无,正常
2025/6/14,PACKAGER_B_02,399444,15,1,运行,无,正常
2025/6/14,PACKAGER_B_03,399444,15,1,运行,无,正常
2025/6/14,PACKAGER_B_04,399444,15,1,运行,无,正常
2025/6/14,PACKAGER_B_05,399444,15,1,运行,无,正常
2025/6/14,PACKAGER_B_06,399444,15,1,运行,无,正常
2025/6/14,FILLER_01,474014,15,1,运行,无,正常
2025/6/14,FILLER_02,474014,15,1,运行,无,正常
2025/6/14,FILLER_03,474014,15,1,运行,无,正常
2025/6/14,FILLER_04,474014,15,1,运行,无,正常
2025/6/14,FILLER_05,474014,15,1,运行,无,正常
2025/6/14,FILLER_06,474014,15,1,运行,无,正常
2025/6/14,FILLER_07,474014,15,1,运行,无,正常
2025/6/14,FILLER_08,474014,15,1,运行,无,正常
2025/6/14,FILLER_09,474014,15,1,运行,无,正常
2025/6/14,FILLER_10,474014,15,1,运行,无,正常
2025/6/14,FILLER_11,474014,15,1,运行,无,正常
2025/6/14,STERILIZER_01,2603724,15,1,运行,无,正常
2025/6/14,STERILIZER_02,2603724,15,1,运行,无,正常
2025/6/15,PACKAGER_A_01,349677,15,1,运行,无,正常
2025/6/15,PACKAGER_A_02,349677,15,1,运行,无,正常
2025/6/15,PACKAGER_A_03,349677,15,1,运行,无,正常
2025/6/15,PACKAGER_A_04,349677,15,1,运行,无,正常
2025/6/15,PACKAGER_A_05,349677,15,1,运行,无,正常
2025/6/15,PACKAGER_A_06,349677,15,1,运行,无,正常
2025/6/15,PACKAGER_B_01,349677,15,1,运行,无,正常
2025/6/15,PACKAGER_B_02,349677,15,1,运行,无,正常
2025/6/15,PACKAGER_B_03,349677,15,1,运行,无,正常
2025/6/15,PACKAGER_B_04,349677,15,1,运行,无,正常
2025/6/15,PACKAGER_B_05,349677,15,1,运行,无,正常
2025/6/15,PACKAGER_B_06,349677,15,1,运行,无,正常
2025/6/15,FILLER_01,72349,15,1,运行,无,正常
2025/6/15,FILLER_02,72349,15,1,运行,无,正常
2025/6/15,FILLER_03,72349,15,1,运行,无,正常
2025/6/15,FILLER_04,72349,15,1,运行,无,正常
2025/6/15,FILLER_05,72349,15,1,运行,无,正常
2025/6/15,FILLER_06,72349,0,16,停机,液压,液压故障
2025/6/15,FILLER_07,72349,15,1,运行,无,正常
2025/6/15,FILLER_08,72349,15,1,运行,无,正常
2025/6/15,FILLER_09,72349,15,1,运行,无,正常
2025/6/15,FILLER_10,72349,15,1,运行,无,正常
2025/6/15,FILLER_11,72349,15,1,运行,无,正常
2025/6/15,STERILIZER_01,397386,15,1,运行,无,正常
2025/6/15,STERILIZER_02,397386,15,1,运行,无,正常
2025/6/16,PACKAGER_A_01,215971,15,1,运行,无,正常
2025/6/16,PACKAGER_A_02,215971,15,1,运行,无,正常
2025/6/16,PACKAGER_A_03,215971,15,1,运行,无,正常
2025/6/16,PACKAGER_A_04,215971,0,16,停机,软件,软件故障
2025/6/16,PACKAGER_A_05,215971,15,1,运行,无,正常
2025/6/16,PACKAGER_A_06,215971,15,1,运行,无,正常
2025/6/16,PACKAGER_B_01,215971,15,1,运行,无,正常
2025/6/16,PACKAGER_B_02,215971,15,1,运行,无,正常
2025/6/16,PACKAGER_B_03,215971,15,1,运行,无,正常
2025/6/16,PACKAGER_B_04,215971,15,1,运行,无,正常
2025/6/16,PACKAGER_B_05,215971,15,1,运行,无,正常
2025/6/16,PACKAGER_B_06,215971,15,1,运行,无,正常
2025/6/16,FILLER_01,327972,15,1,运行,无,正常
2025/6/16,FILLER_02,327972,15,1,运行,无,正常
2025/6/16,FILLER_03,327972,15,1,运行,无,正常
2025/6/16,FILLER_04,327972,15,1,运行,无,正常
2025/6/16,FILLER_05,327972,15,1,运行,无,正常
2025/6/16,FILLER_06,327972,15,1,运行,无,正常
2025/6/16,FILLER_07,327972,15,1,运行,无,正常
2025/6/16,FILLER_08,327972,0,16,停机,软件,软件故障
2025/6/16,FILLER_09,327972,15,1,运行,无,正常
2025/6/16,FILLER_10,327972,15,1,运行,无,正常
2025/6/16,FILLER_11,327972,15,1,运行,无,正常
2025/6/16,STERILIZER_01,1801574,15,1,运行,无,正常
2025/6/16,STERILIZER_02,1801574,15,1,运行,无,正常
2025/6/17,PACKAGER_A_01,244855,15,1,运行,无,正常
2025/6/17,PACKAGER_A_02,244855,15,1,运行,无,正常
2025/6/17,PACKAGER_A_03,244855,15,1,运行,无,正常
2025/6/17,PACKAGER_A_04,244855,15,1,运行,无,正常
2025/6/17,PACKAGER_A_05,244855,15,1,运行,无,正常
2025/6/17,PACKAGER_A_06,244855,15,1,运行,无,正常
2025/6/17,PACKAGER_B_01,244855,15,1,运行,无,正常
2025/6/17,PACKAGER_B_02,244855,15,1,运行,无,正常
2025/6/17,PACKAGER_B_03,244855,15,1,运行,无,正常
2025/6/17,PACKAGER_B_04,244855,15,1,运行,无,正常
2025/6/17,PACKAGER_B_05,244855,15,1,运行,无,正常
2025/6/17,PACKAGER_B_06,244855,15,1,运行,无,正常
2025/6/17,FILLER_01,433425,15,1,运行,无,正常
2025/6/17,FILLER_02,433425,15,1,运行,无,正常
2025/6/17,FILLER_03,433425,15,1,运行,无,正常
2025/6/17,FILLER_04,433425,15,1,运行,无,正常
2025/6/17,FILLER_05,433425,15,1,运行,无,正常
2025/6/17,FILLER_06,433425,15,1,运行,无,正常
2025/6/17,FILLER_07,433425,0,16,停机,液压,液压故障
2025/6/17,FILLER_08,433425,15,1,运行,无,正常
2025/6/17,FILLER_09,433425,15,1,运行,无,正常
2025/6/17,FILLER_10,433425,15,1,运行,无,正常
2025/6/17,FILLER_11,433425,15,1,运行,无,正常
2025/6/17,STERILIZER_01,2380869,15,1,运行,无,正常
2025/6/17,STERILIZER_02,2380869,0,16,停机,液压,液压故障
2025/6/18,PACKAGER_A_01,365948,15,1,运行,无,正常
2025/6/18,PACKAGER_A_02,365948,15,1,运行,无,正常
2025/6/18,PACKAGER_A_03,365948,15,1,运行,无,正常
2025/6/18,PACKAGER_A_04,365948,15,1,运行,无,正常
2025/6/18,PACKAGER_A_05,365948,15,1,运行,无,正常
2025/6/18,PACKAGER_A_06,365948,15,1,运行,无,正常
2025/6/18,PACKAGER_B_01,365948,15,1,运行,无,正常
2025/6/18,PACKAGER_B_02,365948,15,1,运行,无,正常
2025/6/18,PACKAGER_B_03,365948,15,1,运行,无,正常
2025/6/18,PACKAGER_B_04,365948,0,16,停机,机械,机械故障
2025/6/18,PACKAGER_B_05,365948,15,1,运行,无,正常
2025/6/18,PACKAGER_B_06,365948,15,1,运行,无,正常
2025/6/18,FILLER_01,401877,15,1,运行,无,正常
2025/6/18,FILLER_02,401877,15,1,运行,无,正常
2025/6/18,FILLER_03,401877,0,16,停机,软件,软件故障
2025/6/18,FILLER_04,401877,15,1,运行,无,正常
2025/6/18,FILLER_05,401877,15,1,运行,无,正常
2025/6/18,FILLER_06,401877,15,1,运行,无,正常
2025/6/18,FILLER_07,401877,15,1,运行,无,正常
2025/6/18,FILLER_08,401877,15,1,运行,无,正常
2025/6/18,FILLER_09,401877,15,1,运行,无,正常
2025/6/18,FILLER_10,401877,15,1,运行,无,正常
2025/6/18,FILLER_11,401877,15,1,运行,无,正常
2025/6/18,STERILIZER_01,2207597,15,1,运行,无,正常
2025/6/18,STERILIZER_02,2207597,15,1,运行,无,正常
2025/6/19,PACKAGER_A_01,432878,15,1,运行,无,正常
2025/6/19,PACKAGER_A_02,432878,15,1,运行,无,正常
2025/6/19,PACKAGER_A_03,432878,15,1,运行,无,正常
2025/6/19,PACKAGER_A_04,432878,15,1,运行,无,正常
2025/6/19,PACKAGER_A_05,432878,15,1,运行,无,正常
2025/6/19,PACKAGER_A_06,432878,15,1,运行,无,正常
2025/6/19,PACKAGER_B_01,432878,15,1,运行,无,正常
2025/6/19,PACKAGER_B_02,432878,15,1,运行,无,正常
2025/6/19,PACKAGER_B_03,432878,15,1,运行,无,正常
2025/6/19,PACKAGER_B_04,432878,15,1,运行,无,正常
2025/6/19,PACKAGER_B_05,432878,15,1,运行,无,正常
2025/6/19,PACKAGER_B_06,432878,15,1,运行,无,正常
2025/6/19,FILLER_01,435680,0,16,停机,液压,液压故障
2025/6/19,FILLER_02,435680,15,1,运行,无,正常
2025/6/19,FILLER_03,435680,15,1,运行,无,正常
2025/6/19,FILLER_04,435680,15,1,运行,无,正常
2025/6/19,FILLER_05,435680,15,1,运行,无,正常
2025/6/19,FILLER_06,435680,15,1,运行,无,正常
2025/6/19,FILLER_07,435680,15,1,运行,无,正常
2025/6/19,FILLER_08,435680,15,1,运行,无,正常
2025/6/19,FILLER_09,435680,15,1,运行,无,正常
2025/6/19,FILLER_10,435680,15,1,运行,无,正常
2025/6/19,FILLER_11,435680,15,1,运行,无,正常
2025/6/19,STERILIZER_01,2393360,15,1,运行,无,正常
2025/6/19,STERILIZER_02,2393360,15,1,运行,无,正常
2025/6/2,PACKAGER_A_01,232753,15,1,运行,无,正常
2025/6/2,PACKAGER_A_02,232753,15,1,运行,无,正常
2025/6/2,PACKAGER_A_03,232753,15,1,运行,无,正常
2025/6/2,PACKAGER_A_04,232753,15,1,运行,无,正常
2025/6/2,PACKAGER_A_05,232753,15,1,运行,无,正常
2025/6/2,PACKAGER_A_06,232753,15,1,运行,无,正常
2025/6/2,PACKAGER_B_01,232753,15,1,运行,无,正常
2025/6/2,PACKAGER_B_02,232753,15,1,运行,无,正常
2025/6/2,PACKAGER_B_03,232753,15,1,运行,无,正常
2025/6/2,PACKAGER_B_04,232753,15,1,运行,无,正常
2025/6/2,PACKAGER_B_05,232753,15,1,运行,无,正常
2025/6/2,PACKAGER_B_06,232753,15,1,运行,无,正常
2025/6/2,FILLER_01,362655,15,1,运行,无,正常
2025/6/2,FILLER_02,362655,15,1,运行,无,正常
2025/6/2,FILLER_03,362655,15,1,运行,无,正常
2025/6/2,FILLER_04,362655,15,1,运行,无,正常
2025/6/2,FILLER_05,362655,15,1,运行,无,正常
2025/6/2,FILLER_06,362655,15,1,运行,无,正常
2025/6/2,FILLER_07,362655,15,1,运行,无,正常
2025/6/2,FILLER_08,362655,15,1,运行,无,正常
2025/6/2,FILLER_09,362655,15,1,运行,无,正常
2025/6/2,FILLER_10,362655,15,1,运行,无,正常
2025/6/2,FILLER_11,362655,15,1,运行,无,正常
2025/6/2,STERILIZER_01,1992578,15,1,运行,无,正常
2025/6/2,STERILIZER_02,1992578,15,1,运行,无,正常
2025/6/20,PACKAGER_A_01,366251,15,1,运行,无,正常
2025/6/20,PACKAGER_A_02,366251,15,1,运行,无,正常
2025/6/20,PACKAGER_A_03,366251,15,1,运行,无,正常
2025/6/20,PACKAGER_A_04,366251,0,16,停机,电气,电气故障
2025/6/20,PACKAGER_A_05,366251,15,1,运行,无,正常
2025/6/20,PACKAGER_A_06,366251,15,1,运行,无,正常
2025/6/20,PACKAGER_B_01,366251,15,1,运行,无,正常
2025/6/20,PACKAGER_B_02,366251,15,1,运行,无,正常
2025/6/20,PACKAGER_B_03,366251,15,1,运行,无,正常
2025/6/20,PACKAGER_B_04,366251,15,1,运行,无,正常
2025/6/20,PACKAGER_B_05,366251,15,1,运行,无,正常
2025/6/20,PACKAGER_B_06,366251,15,1,运行,无,正常
2025/6/20,FILLER_01,435411,15,1,运行,无,正常
2025/6/20,FILLER_02,435411,15,1,运行,无,正常
2025/6/20,FILLER_03,435411,15,1,运行,无,正常
2025/6/20,FILLER_04,435411,15,1,运行,无,正常
2025/6/20,FILLER_05,435411,0,16,停机,液压,液压故障
2025/6/20,FILLER_06,435411,15,1,运行,无,正常
2025/6/20,FILLER_07,435411,15,1,运行,无,正常
2025/6/20,FILLER_08,435411,15,1,运行,无,正常
2025/6/20,FILLER_09,435411,15,1,运行,无,正常
2025/6/20,FILLER_10,435411,15,1,运行,无,正常
2025/6/20,FILLER_11,435411,15,1,运行,无,正常
2025/6/20,STERILIZER_01,2391829,15,1,运行,无,正常
2025/6/20,STERILIZER_02,2391829,15,1,运行,无,正常
2025/6/21,PACKAGER_A_01,342137,15,1,运行,无,正常
2025/6/21,PACKAGER_A_02,342137,15,1,运行,无,正常
2025/6/21,PACKAGER_A_03,342137,15,1,运行,无,正常
2025/6/21,PACKAGER_A_04,342137,15,1,运行,无,正常
2025/6/21,PACKAGER_A_05,342137,15,1,运行,无,正常
2025/6/21,PACKAGER_A_06,342137,15,1,运行,无,正常
2025/6/21,PACKAGER_B_01,342137,15,1,运行,无,正常
2025/6/21,PACKAGER_B_02,342137,15,1,运行,无,正常
2025/6/21,PACKAGER_B_03,342137,15,1,运行,无,正常
2025/6/21,PACKAGER_B_04,342137,15,1,运行,无,正常
2025/6/21,PACKAGER_B_05,342137,15,1,运行,无,正常
2025/6/21,PACKAGER_B_06,342137,15,1,运行,无,正常
2025/6/21,FILLER_01,399393,15,1,运行,无,正常
2025/6/21,FILLER_02,399393,15,1,运行,无,正常
2025/6/21,FILLER_03,399393,15,1,运行,无,正常
2025/6/21,FILLER_04,399393,15,1,运行,无,正常
2025/6/21,FILLER_05,399393,15,1,运行,无,正常
2025/6/21,FILLER_06,399393,15,1,运行,无,正常
2025/6/21,FILLER_07,399393,15,1,运行,无,正常
2025/6/21,FILLER_08,399393,15,1,运行,无,正常
2025/6/21,FILLER_09,399393,15,1,运行,无,正常
2025/6/21,FILLER_10,399393,15,1,运行,无,正常
2025/6/21,FILLER_11,399393,15,1,运行,无,正常
2025/6/21,STERILIZER_01,2194122,15,1,运行,无,正常
2025/6/21,STERILIZER_02,2194122,15,1,运行,无,正常
2025/6/22,PACKAGER_A_01,213778,15,1,运行,无,正常
2025/6/22,PACKAGER_A_02,213778,15,1,运行,无,正常
2025/6/22,PACKAGER_A_03,213778,15,1,运行,无,正常
2025/6/22,PACKAGER_A_04,213778,15,1,运行,无,正常
2025/6/22,PACKAGER_A_05,213778,15,1,运行,无,正常
2025/6/22,PACKAGER_A_06,213778,15,1,运行,无,正常
2025/6/22,PACKAGER_B_01,213778,15,1,运行,无,正常
2025/6/22,PACKAGER_B_02,213778,15,1,运行,无,正常
2025/6/22,PACKAGER_B_03,213778,15,1,运行,无,正常
2025/6/22,PACKAGER_B_04,213778,15,1,运行,无,正常
2025/6/22,PACKAGER_B_05,213778,15,1,运行,无,正常
2025/6/22,PACKAGER_B_06,213778,15,1,运行,无,正常
2025/6/22,FILLER_01,144305,15,1,运行,无,正常
2025/6/22,FILLER_02,144305,15,1,运行,无,正常
2025/6/22,FILLER_03,144305,15,1,运行,无,正常
2025/6/22,FILLER_04,144305,15,1,运行,无,正常
2025/6/22,FILLER_05,144305,15,1,运行,无,正常
2025/6/22,FILLER_06,144305,15,1,运行,无,正常
2025/6/22,FILLER_07,144305,15,1,运行,无,正常
2025/6/22,FILLER_08,144305,15,1,运行,无,正常
2025/6/22,FILLER_09,144305,0,16,停机,液压,液压故障
2025/6/22,FILLER_10,144305,15,1,运行,无,正常
2025/6/22,FILLER_11,144305,15,1,运行,无,正常
2025/6/22,STERILIZER_01,792691,15,1,运行,无,正常
2025/6/22,STERILIZER_02,792691,15,1,运行,无,正常
2025/6/23,PACKAGER_A_01,131495,15,1,运行,无,正常
2025/6/23,PACKAGER_A_02,131495,15,1,运行,无,正常
2025/6/23,PACKAGER_A_03,131495,15,1,运行,无,正常
2025/6/23,PACKAGER_A_04,131495,15,1,运行,无,正常
2025/6/23,PACKAGER_A_05,131495,15,1,运行,无,正常
2025/6/23,PACKAGER_A_06,131495,15,1,运行,无,正常
2025/6/23,PACKAGER_B_01,131495,15,1,运行,无,正常
2025/6/23,PACKAGER_B_02,131495,15,1,运行,无,正常
2025/6/23,PACKAGER_B_03,131495,15,1,运行,无,正常
2025/6/23,PACKAGER_B_04,131495,15,1,运行,无,正常
2025/6/23,PACKAGER_B_05,131495,15,1,运行,无,正常
2025/6/23,PACKAGER_B_06,131495,15,1,运行,无,正常
2025/6/23,FILLER_01,289809,15,1,运行,无,正常
2025/6/23,FILLER_02,289809,15,1,运行,无,正常
2025/6/23,FILLER_03,289809,15,1,运行,无,正常
2025/6/23,FILLER_04,289809,15,1,运行,无,正常
2025/6/23,FILLER_05,289809,15,1,运行,无,正常
2025/6/23,FILLER_06,289809,15,1,运行,无,正常
2025/6/23,FILLER_07,289809,15,1,运行,无,正常
2025/6/23,FILLER_08,289809,15,1,运行,无,正常
2025/6/23,FILLER_09,289809,15,1,运行,无,正常
2025/6/23,FILLER_10,289809,15,1,运行,无,正常
2025/6/23,FILLER_11,289809,15,1,运行,无,正常
2025/6/23,STERILIZER_01,1590340,15,1,运行,无,正常
2025/6/23,STERILIZER_02,1590340,15,1,运行,无,正常
2025/6/24,PACKAGER_A_01,339676,0,16,停机,电气,电气故障
2025/6/24,PACKAGER_A_02,339676,15,1,运行,无,正常
2025/6/24,PACKAGER_A_03,339676,15,1,运行,无,正常
2025/6/24,PACKAGER_A_04,339676,15,1,运行,无,正常
2025/6/24,PACKAGER_A_05,339676,15,1,运行,无,正常
2025/6/24,PACKAGER_A_06,339676,15,1,运行,无,正常
2025/6/24,PACKAGER_B_01,339676,15,1,运行,无,正常
2025/6/24,PACKAGER_B_02,339676,15,1,运行,无,正常
2025/6/24,PACKAGER_B_03,339676,15,1,运行,无,正常
2025/6/24,PACKAGER_B_04,339676,15,1,运行,无,正常
2025/6/24,PACKAGER_B_05,339676,15,1,运行,无,正常
2025/6/24,PACKAGER_B_06,339676,15,1,运行,无,正常
2025/6/24,FILLER_01,328074,15,1,运行,无,正常
2025/6/24,FILLER_02,328074,15,1,运行,无,正常
2025/6/24,FILLER_03,328074,15,1,运行,无,正常
2025/6/24,FILLER_04,328074,15,1,运行,无,正常
2025/6/24,FILLER_05,328074,15,1,运行,无,正常
2025/6/24,FILLER_06,328074,15,1,运行,无,正常
2025/6/24,FILLER_07,328074,15,1,运行,无,正常
2025/6/24,FILLER_08,328074,15,1,运行,无,正常
2025/6/24,FILLER_09,328074,15,1,运行,无,正常
2025/6/24,FILLER_10,328074,15,1,运行,无,正常
2025/6/24,FILLER_11,328074,15,1,运行,无,正常
2025/6/24,STERILIZER_01,1800356,15,1,运行,无,正常
2025/6/24,STERILIZER_02,1800356,15,1,运行,无,正常
2025/6/25,PACKAGER_A_01,382521,15,1,运行,无,正常
2025/6/25,PACKAGER_A_02,382521,15,1,运行,无,正常
2025/6/25,PACKAGER_A_03,382521,15,1,运行,无,正常
2025/6/25,PACKAGER_A_04,382521,15,1,运行,无,正常
2025/6/25,PACKAGER_A_05,382521,15,1,运行,无,正常
2025/6/25,PACKAGER_A_06,382521,15,1,运行,无,正常
2025/6/25,PACKAGER_B_01,382521,15,1,运行,无,正常
2025/6/25,PACKAGER_B_02,382521,15,1,运行,无,正常
2025/6/25,PACKAGER_B_03,382521,15,1,运行,无,正常
2025/6/25,PACKAGER_B_04,382521,15,1,运行,无,正常
2025/6/25,PACKAGER_B_05,382521,15,1,运行,无,正常
2025/6/25,PACKAGER_B_06,382521,15,1,运行,无,正常
2025/6/25,FILLER_01,438013,15,1,运行,无,正常
2025/6/25,FILLER_02,438013,15,1,运行,无,正常
2025/6/25,FILLER_03,438013,15,1,运行,无,正常
2025/6/25,FILLER_04,438013,15,1,运行,无,正常
2025/6/25,FILLER_05,438013,15,1,运行,无,正常
2025/6/25,FILLER_06,438013,15,1,运行,无,正常
2025/6/25,FILLER_07,438013,15,1,运行,无,正常
2025/6/25,FILLER_08,438013,0,16,停机,软件,软件故障
2025/6/25,FILLER_09,438013,15,1,运行,无,正常
2025/6/25,FILLER_10,438013,15,1,运行,无,正常
2025/6/25,FILLER_11,438013,15,1,运行,无,正常
2025/6/25,STERILIZER_01,2403705,15,1,运行,无,正常
2025/6/25,STERILIZER_02,2403705,15,1,运行,无,正常
2025/6/26,PACKAGER_A_01,345445,0,16,停机,机械,机械故障
2025/6/26,PACKAGER_A_02,345445,15,1,运行,无,正常
2025/6/26,PACKAGER_A_03,345445,15,1,运行,无,正常
2025/6/26,PACKAGER_A_04,345445,15,1,运行,无,正常
2025/6/26,PACKAGER_A_05,345445,15,1,运行,无,正常
2025/6/26,PACKAGER_A_06,345445,15,1,运行,无,正常
2025/6/26,PACKAGER_B_01,345445,15,1,运行,无,正常
2025/6/26,PACKAGER_B_02,345445,15,1,运行,无,正常
2025/6/26,PACKAGER_B_03,345445,15,1,运行,无,正常
2025/6/26,PACKAGER_B_04,345445,15,1,运行,无,正常
2025/6/26,PACKAGER_B_05,345445,15,1,运行,无,正常
2025/6/26,PACKAGER_B_06,345445,15,1,运行,无,正常
2025/6/26,FILLER_01,367517,15,1,运行,无,正常
2025/6/26,FILLER_02,367517,15,1,运行,无,正常
2025/6/26,FILLER_03,367517,15,1,运行,无,正常
2025/6/26,FILLER_04,367517,15,1,运行,无,正常
2025/6/26,FILLER_05,367517,15,1,运行,无,正常
2025/6/26,FILLER_06,367517,15,1,运行,无,正常
2025/6/26,FILLER_07,367517,15,1,运行,无,正常
2025/6/26,FILLER_08,367517,15,1,运行,无,正常
2025/6/26,FILLER_09,367517,15,1,运行,无,正常
2025/6/26,FILLER_10,367517,0,16,停机,机械,机械故障
2025/6/26,FILLER_11,367517,15,1,运行,无,正常
2025/6/26,STERILIZER_01,2016875,15,1,运行,无,正常
2025/6/26,STERILIZER_02,2016875,15,1,运行,无,正常
2025/6/27,PACKAGER_A_01,325408,15,1,运行,无,正常
2025/6/27,PACKAGER_A_02,325408,15,1,运行,无,正常
2025/6/27,PACKAGER_A_03,325408,15,1,运行,无,正常
2025/6/27,PACKAGER_A_04,325408,15,1,运行,无,正常
2025/6/27,PACKAGER_A_05,325408,0,16,停机,液压,液压故障
2025/6/27,PACKAGER_A_06,325408,15,1,运行,无,正常
2025/6/27,PACKAGER_B_01,325408,15,1,运行,无,正常
2025/6/27,PACKAGER_B_02,325408,15,1,运行,无,正常
2025/6/27,PACKAGER_B_03,325408,15,1,运行,无,正常
2025/6/27,PACKAGER_B_04,325408,15,1,运行,无,正常
2025/6/27,PACKAGER_B_05,325408,0,16,停机,电气,电气故障
2025/6/27,PACKAGER_B_06,325408,15,1,运行,无,正常
2025/6/27,FILLER_01,365789,15,1,运行,无,正常
2025/6/27,FILLER_02,365789,15,1,运行,无,正常
2025/6/27,FILLER_03,365789,15,1,运行,无,正常
2025/6/27,FILLER_04,365789,15,1,运行,无,正常
2025/6/27,FILLER_05,365789,15,1,运行,无,正常
2025/6/27,FILLER_06,365789,15,1,运行,无,正常
2025/6/27,FILLER_07,365789,15,1,运行,无,正常
2025/6/27,FILLER_08,365789,15,1,运行,无,正常
2025/6/27,FILLER_09,365789,15,1,运行,无,正常
2025/6/27,FILLER_10,365789,15,1,运行,无,正常
2025/6/27,FILLER_11,365789,15,1,运行,无,正常
2025/6/27,STERILIZER_01,2007395,15,1,运行,无,正常
2025/6/27,STERILIZER_02,2007395,15,1,运行,无,正常
2025/6/28,PACKAGER_A_01,333126,15,1,运行,无,正常
2025/6/28,PACKAGER_A_02,333126,15,1,运行,无,正常
2025/6/28,PACKAGER_A_03,333126,15,1,运行,无,正常
2025/6/28,PACKAGER_A_04,333126,15,1,运行,无,正常
2025/6/28,PACKAGER_A_05,333126,15,1,运行,无,正常
2025/6/28,PACKAGER_A_06,333126,15,1,运行,无,正常
2025/6/28,PACKAGER_B_01,333126,15,1,运行,无,正常
2025/6/28,PACKAGER_B_02,333126,15,1,运行,无,正常
2025/6/28,PACKAGER_B_03,333126,15,1,运行,无,正常
2025/6/28,PACKAGER_B_04,333126,15,1,运行,无,正常
2025/6/28,PACKAGER_B_05,333126,15,1,运行,无,正常
2025/6/28,PACKAGER_B_06,333126,15,1,运行,无,正常
2025/6/28,FILLER_01,366477,15,1,运行,无,正常
2025/6/28,FILLER_02,366477,15,1,运行,无,正常
2025/6/28,FILLER_03,366477,15,1,运行,无,正常
2025/6/28,FILLER_04,366477,15,1,运行,无,正常
2025/6/28,FILLER_05,366477,15,1,运行,无,正常
2025/6/28,FILLER_06,366477,15,1,运行,无,正常
2025/6/28,FILLER_07,366477,15,1,运行,无,正常
2025/6/28,FILLER_08,366477,15,1,运行,无,正常
2025/6/28,FILLER_09,366477,15,1,运行,无,正常
2025/6/28,FILLER_10,366477,15,1,运行,无,正常
2025/6/28,FILLER_11,366477,15,1,运行,无,正常
2025/6/28,STERILIZER_01,2011137,15,1,运行,无,正常
2025/6/28,STERILIZER_02,2011137,15,1,运行,无,正常
2025/6/29,PACKAGER_A_01,125418,15,1,运行,无,正常
2025/6/29,PACKAGER_A_02,125418,15,1,运行,无,正常
2025/6/29,PACKAGER_A_03,125418,0,16,停机,机械,机械故障
2025/6/29,PACKAGER_A_04,125418,15,1,运行,无,正常
2025/6/29,PACKAGER_A_05,125418,15,1,运行,无,正常
2025/6/29,PACKAGER_A_06,125418,15,1,运行,无,正常
2025/6/29,PACKAGER_B_01,125418,15,1,运行,无,正常
2025/6/29,PACKAGER_B_02,125418,15,1,运行,无,正常
2025/6/29,PACKAGER_B_03,125418,15,1,运行,无,正常
2025/6/29,PACKAGER_B_04,125418,15,1,运行,无,正常
2025/6/29,PACKAGER_B_05,125418,15,1,运行,无,正常
2025/6/29,PACKAGER_B_06,125418,15,1,运行,无,正常
2025/6/29,FILLER_01,74079,15,1,运行,无,正常
2025/6/29,FILLER_02,74079,15,1,运行,无,正常
2025/6/29,FILLER_03,74079,15,1,运行,无,正常
2025/6/29,FILLER_04,74079,15,1,运行,无,正常
2025/6/29,FILLER_05,74079,15,1,运行,无,正常
2025/6/29,FILLER_06,74079,15,1,运行,无,正常
2025/6/29,FILLER_07,74079,15,1,运行,无,正常
2025/6/29,FILLER_08,74079,15,1,运行,无,正常
2025/6/29,FILLER_09,74079,15,1,运行,无,正常
2025/6/29,FILLER_10,74079,15,1,运行,无,正常
2025/6/29,FILLER_11,74079,15,1,运行,无,正常
2025/6/29,STERILIZER_01,406541,15,1,运行,无,正常
2025/6/29,STERILIZER_02,406541,15,1,运行,无,正常
2025/6/3,PACKAGER_A_01,157840,15,1,运行,无,正常
2025/6/3,PACKAGER_A_02,157840,15,1,运行,无,正常
2025/6/3,PACKAGER_A_03,157840,15,1,运行,无,正常
2025/6/3,PACKAGER_A_04,157840,0,16,停机,电气,电气故障
2025/6/3,PACKAGER_A_05,157840,15,1,运行,无,正常
2025/6/3,PACKAGER_A_06,157840,15,1,运行,无,正常
2025/6/3,PACKAGER_B_01,157840,15,1,运行,无,正常
2025/6/3,PACKAGER_B_02,157840,15,1,运行,无,正常
2025/6/3,PACKAGER_B_03,157840,15,1,运行,无,正常
2025/6/3,PACKAGER_B_04,157840,15,1,运行,无,正常
2025/6/3,PACKAGER_B_05,157840,15,1,运行,无,正常
2025/6/3,PACKAGER_B_06,157840,15,1,运行,无,正常
2025/6/3,FILLER_01,435693,15,1,运行,无,正常
2025/6/3,FILLER_02,435693,15,1,运行,无,正常
2025/6/3,FILLER_03,435693,15,1,运行,无,正常
2025/6/3,FILLER_04,435693,15,1,运行,无,正常
2025/6/3,FILLER_05,435693,15,1,运行,无,正常
2025/6/3,FILLER_06,435693,15,1,运行,无,正常
2025/6/3,FILLER_07,435693,15,1,运行,无,正常
2025/6/3,FILLER_08,435693,15,1,运行,无,正常
2025/6/3,FILLER_09,435693,15,1,运行,无,正常
2025/6/3,FILLER_10,435693,15,1,运行,无,正常
2025/6/3,FILLER_11,435693,15,1,运行,无,正常
2025/6/3,STERILIZER_01,2393901,15,1,运行,无,正常
2025/6/3,STERILIZER_02,2393901,15,1,运行,无,正常
2025/6/30,PACKAGER_A_01,212877,15,1,运行,无,正常
2025/6/30,PACKAGER_A_02,212877,15,1,运行,无,正常
2025/6/30,PACKAGER_A_03,212877,15,1,运行,无,正常
2025/6/30,PACKAGER_A_04,212877,15,1,运行,无,正常
2025/6/30,PACKAGER_A_05,212877,15,1,运行,无,正常
2025/6/30,PACKAGER_A_06,212877,15,1,运行,无,正常
2025/6/30,PACKAGER_B_01,212877,15,1,运行,无,正常
2025/6/30,PACKAGER_B_02,212877,15,1,运行,无,正常
2025/6/30,PACKAGER_B_03,212877,15,1,运行,无,正常
2025/6/30,PACKAGER_B_04,212877,15,1,运行,无,正常
2025/6/30,PACKAGER_B_05,212877,15,1,运行,无,正常
2025/6/30,PACKAGER_B_06,212877,15,1,运行,无,正常
2025/6/30,FILLER_01,219745,15,1,运行,无,正常
2025/6/30,FILLER_02,219745,0,16,停机,电气,电气故障
2025/6/30,FILLER_03,219745,15,1,运行,无,正常
2025/6/30,FILLER_04,219745,15,1,运行,无,正常
2025/6/30,FILLER_05,219745,15,1,运行,无,正常
2025/6/30,FILLER_06,219745,15,1,运行,无,正常
2025/6/30,FILLER_07,219745,15,1,运行,无,正常
2025/6/30,FILLER_08,219745,15,1,运行,无,正常
2025/6/30,FILLER_09,219745,15,1,运行,无,正常
2025/6/30,FILLER_10,219745,15,1,运行,无,正常
2025/6/30,FILLER_11,219745,15,1,运行,无,正常
2025/6/30,STERILIZER_01,1205872,15,1,运行,无,正常
2025/6/30,STERILIZER_02,1205872,15,1,运行,无,正常
2025/6/4,PACKAGER_A_01,365230,15,1,运行,无,正常
2025/6/4,PACKAGER_A_02,365230,15,1,运行,无,正常
2025/6/4,PACKAGER_A_03,365230,15,1,运行,无,正常
2025/6/4,PACKAGER_A_04,365230,0,16,停机,液压,液压故障
2025/6/4,PACKAGER_A_05,365230,0,16,停机,软件,软件故障
2025/6/4,PACKAGER_A_06,365230,15,1,运行,无,正常
2025/6/4,PACKAGER_B_01,365230,15,1,运行,无,正常
2025/6/4,PACKAGER_B_02,365230,15,1,运行,无,正常
2025/6/4,PACKAGER_B_03,365230,15,1,运行,无,正常
2025/6/4,PACKAGER_B_04,365230,15,1,运行,无,正常
2025/6/4,PACKAGER_B_05,365230,15,1,运行,无,正常
2025/6/4,PACKAGER_B_06,365230,15,1,运行,无,正常
2025/6/4,FILLER_01,291207,15,1,运行,无,正常
2025/6/4,FILLER_02,291207,15,1,运行,无,正常
2025/6/4,FILLER_03,291207,15,1,运行,无,正常
2025/6/4,FILLER_04,291207,15,1,运行,无,正常
2025/6/4,FILLER_05,291207,15,1,运行,无,正常
2025/6/4,FILLER_06,291207,15,1,运行,无,正常
2025/6/4,FILLER_07,291207,15,1,运行,无,正常
2025/6/4,FILLER_08,291207,15,1,运行,无,正常
2025/6/4,FILLER_09,291207,15,1,运行,无,正常
2025/6/4,FILLER_10,291207,15,1,运行,无,正常
2025/6/4,FILLER_11,291207,15,1,运行,无,正常
2025/6/4,STERILIZER_01,1600042,15,1,运行,无,正常
2025/6/4,STERILIZER_02,1600042,15,1,运行,无,正常
2025/6/5,PACKAGER_A_01,531740,15,1,运行,无,正常
2025/6/5,PACKAGER_A_02,531740,15,1,运行,无,正常
2025/6/5,PACKAGER_A_03,531740,15,1,运行,无,正常
2025/6/5,PACKAGER_A_04,531740,15,1,运行,无,正常
2025/6/5,PACKAGER_A_05,531740,15,1,运行,无,正常
2025/6/5,PACKAGER_A_06,531740,15,1,运行,无,正常
2025/6/5,PACKAGER_B_01,531740,15,1,运行,无,正常
2025/6/5,PACKAGER_B_02,531740,15,1,运行,无,正常
2025/6/5,PACKAGER_B_03,531740,15,1,运行,无,正常
2025/6/5,PACKAGER_B_04,531740,15,1,运行,无,正常
2025/6/5,PACKAGER_B_05,531740,15,1,运行,无,正常
2025/6/5,PACKAGER_B_06,531740,15,1,运行,无,正常
2025/6/5,FILLER_01,434678,15,1,运行,无,正常
2025/6/5,FILLER_02,434678,15,1,运行,无,正常
2025/6/5,FILLER_03,434678,15,1,运行,无,正常
2025/6/5,FILLER_04,434678,15,1,运行,无,正常
2025/6/5,FILLER_05,434678,15,1,运行,无,正常
2025/6/5,FILLER_06,434678,15,1,运行,无,正常
2025/6/5,FILLER_07,434678,15,1,运行,无,正常
2025/6/5,FILLER_08,434678,15,1,运行,无,正常
2025/6/5,FILLER_09,434678,0,16,停机,机械,机械故障
2025/6/5,FILLER_10,434678,15,1,运行,无,正常
2025/6/5,FILLER_11,434678,15,1,运行,无,正常
2025/6/5,STERILIZER_01,2388308,15,1,运行,无,正常
2025/6/5,STERILIZER_02,2388308,15,1,运行,无,正常
2025/6/6,PACKAGER_A_01,398588,0,16,停机,软件,软件故障
2025/6/6,PACKAGER_A_02,398588,15,1,运行,无,正常
2025/6/6,PACKAGER_A_03,398588,15,1,运行,无,正常
2025/6/6,PACKAGER_A_04,398588,15,1,运行,无,正常
2025/6/6,PACKAGER_A_05,398588,15,1,运行,无,正常
2025/6/6,PACKAGER_A_06,398588,15,1,运行,无,正常
2025/6/6,PACKAGER_B_01,398588,15,1,运行,无,正常
2025/6/6,PACKAGER_B_02,398588,15,1,运行,无,正常
2025/6/6,PACKAGER_B_03,398588,15,1,运行,无,正常
2025/6/6,PACKAGER_B_04,398588,15,1,运行,无,正常
2025/6/6,PACKAGER_B_05,398588,15,1,运行,无,正常
2025/6/6,PACKAGER_B_06,398588,15,1,运行,无,正常
2025/6/6,FILLER_01,398434,15,1,运行,无,正常
2025/6/6,FILLER_02,398434,15,1,运行,无,正常
2025/6/6,FILLER_03,398434,15,1,运行,无,正常
2025/6/6,FILLER_04,398434,0,16,停机,软件,软件故障
2025/6/6,FILLER_05,398434,15,1,运行,无,正常
2025/6/6,FILLER_06,398434,15,1,运行,无,正常
2025/6/6,FILLER_07,398434,15,1,运行,无,正常
2025/6/6,FILLER_08,398434,15,1,运行,无,正常
2025/6/6,FILLER_09,398434,15,1,运行,无,正常
2025/6/6,FILLER_10,398434,15,1,运行,无,正常
2025/6/6,FILLER_11,398434,15,1,运行,无,正常
2025/6/6,STERILIZER_01,2189378,15,1,运行,无,正常
2025/6/6,STERILIZER_02,2189378,15,1,运行,无,正常
2025/6/7,PACKAGER_A_01,485565,15,1,运行,无,正常
2025/6/7,PACKAGER_A_02,485565,15,1,运行,无,正常
2025/6/7,PACKAGER_A_03,485565,15,1,运行,无,正常
2025/6/7,PACKAGER_A_04,485565,15,1,运行,无,正常
2025/6/7,PACKAGER_A_05,485565,15,1,运行,无,正常
2025/6/7,PACKAGER_A_06,485565,15,1,运行,无,正常
2025/6/7,PACKAGER_B_01,485565,0,16,停机,机械,机械故障
2025/6/7,PACKAGER_B_02,485565,15,1,运行,无,正常
2025/6/7,PACKAGER_B_03,485565,15,1,运行,无,正常
2025/6/7,PACKAGER_B_04,485565,0,16,停机,机械,机械故障
2025/6/7,PACKAGER_B_05,485565,15,1,运行,无,正常
2025/6/7,PACKAGER_B_06,485565,15,1,运行,无,正常
2025/6/7,FILLER_01,434979,15,1,运行,无,正常
2025/6/7,FILLER_02,434979,15,1,运行,无,正常
2025/6/7,FILLER_03,434979,15,1,运行,无,正常
2025/6/7,FILLER_04,434979,15,1,运行,无,正常
2025/6/7,FILLER_05,434979,15,1,运行,无,正常
2025/6/7,FILLER_06,434979,15,1,运行,无,正常
2025/6/7,FILLER_07,434979,15,1,运行,无,正常
2025/6/7,FILLER_08,434979,15,1,运行,无,正常
2025/6/7,FILLER_09,434979,15,1,运行,无,正常
2025/6/7,FILLER_10,434979,0,16,停机,机械,机械故障
2025/6/7,FILLER_11,434979,15,1,运行,无,正常
2025/6/7,STERILIZER_01,2389981,15,1,运行,无,正常
2025/6/7,STERILIZER_02,2389981,15,1,运行,无,正常
2025/6/8,PACKAGER_A_01,114953,15,1,运行,无,正常
2025/6/8,PACKAGER_A_02,114953,15,1,运行,无,正常
2025/6/8,PACKAGER_A_03,114953,15,1,运行,无,正常
2025/6/8,PACKAGER_A_04,114953,15,1,运行,无,正常
2025/6/8,PACKAGER_A_05,114953,15,1,运行,无,正常
2025/6/8,PACKAGER_A_06,114953,15,1,运行,无,正常
2025/6/8,PACKAGER_B_01,114953,0,16,停机,液压,液压故障
2025/6/8,PACKAGER_B_02,114953,15,1,运行,无,正常
2025/6/8,PACKAGER_B_03,114953,15,1,运行,无,正常
2025/6/8,PACKAGER_B_04,114953,15,1,运行,无,正常
2025/6/8,PACKAGER_B_05,114953,15,1,运行,无,正常
2025/6/8,PACKAGER_B_06,114953,15,1,运行,无,正常
2025/6/8,FILLER_01,109573,0,16,停机,电气,电气故障
2025/6/8,FILLER_02,109573,15,1,运行,无,正常
2025/6/8,FILLER_03,109573,15,1,运行,无,正常
2025/6/8,FILLER_04,109573,15,1,运行,无,正常
2025/6/8,FILLER_05,109573,15,1,运行,无,正常
2025/6/8,FILLER_06,109573,15,1,运行,无,正常
2025/6/8,FILLER_07,109573,15,1,运行,无,正常
2025/6/8,FILLER_08,109573,15,1,运行,无,正常
2025/6/8,FILLER_09,109573,15,1,运行,无,正常
2025/6/8,FILLER_10,109573,15,1,运行,无,正常
2025/6/8,FILLER_11,109573,15,1,运行,无,正常
2025/6/8,STERILIZER_01,602038,15,1,运行,无,正常
2025/6/8,STERILIZER_02,602038,15,1,运行,无,正常
2025/6/9,PACKAGER_A_01,171092,15,1,运行,无,正常
2025/6/9,PACKAGER_A_02,171092,0,16,停机,液压,液压故障
2025/6/9,PACKAGER_A_03,171092,15,1,运行,无,正常
2025/6/9,PACKAGER_A_04,171092,15,1,运行,无,正常
2025/6/9,PACKAGER_A_05,171092,15,1,运行,无,正常
2025/6/9,PACKAGER_A_06,171092,15,1,运行,无,正常
2025/6/9,PACKAGER_B_01,171092,15,1,运行,无,正常
2025/6/9,PACKAGER_B_02,171092,15,1,运行,无,正常
2025/6/9,PACKAGER_B_03,171092,15,1,运行,无,正常
2025/6/9,PACKAGER_B_04,171092,15,1,运行,无,正常
2025/6/9,PACKAGER_B_05,171092,15,1,运行,无,正常
2025/6/9,PACKAGER_B_06,171092,15,1,运行,无,正常
2025/6/9,FILLER_01,253319,0,16,停机,液压,液压故障
2025/6/9,FILLER_02,253319,15,1,运行,无,正常
2025/6/9,FILLER_03,253319,15,1,运行,无,正常
2025/6/9,FILLER_04,253319,15,1,运行,无,正常
2025/6/9,FILLER_05,253319,15,1,运行,无,正常
2025/6/9,FILLER_06,253319,15,1,运行,无,正常
2025/6/9,FILLER_07,253319,15,1,运行,无,正常
2025/6/9,FILLER_08,253319,15,1,运行,无,正常
2025/6/9,FILLER_09,253319,15,1,运行,无,正常
2025/6/9,FILLER_10,253319,0,16,停机,软件,软件故障
2025/6/9,FILLER_11,253319,15,1,运行,无,正常
2025/6/9,STERILIZER_01,1391534,15,1,运行,无,正常
2025/6/9,STERILIZER_02,1391534,15,1,运行,无,正常
2025/7/1,PACKAGER_A_01,225131,15,1,运行,无,正常
2025/7/1,PACKAGER_A_02,225131,15,1,运行,无,正常
2025/7/1,PACKAGER_A_03,225131,15,1,运行,无,正常
2025/7/1,PACKAGER_A_04,225131,15,1,运行,无,正常
2025/7/1,PACKAGER_A_05,225131,15,1,运行,无,正常
2025/7/1,PACKAGER_A_06,225131,0,16,停机,电气,电气故障
2025/7/1,PACKAGER_B_01,225131,15,1,运行,无,正常
2025/7/1,PACKAGER_B_02,225131,0,16,停机,液压,液压故障
2025/7/1,PACKAGER_B_03,225131,15,1,运行,无,正常
2025/7/1,PACKAGER_B_04,225131,15,1,运行,无,正常
2025/7/1,PACKAGER_B_05,225131,15,1,运行,无,正常
2025/7/1,PACKAGER_B_06,225131,15,1,运行,无,正常
2025/7/1,FILLER_01,255922,0,16,停机,电气,电气故障
2025/7/1,FILLER_02,255922,0,16,停机,液压,液压故障
2025/7/1,FILLER_03,255922,15,1,运行,无,正常
2025/7/1,FILLER_04,255922,15,1,运行,无,正常
2025/7/1,FILLER_05,255922,15,1,运行,无,正常
2025/7/1,FILLER_06,255922,15,1,运行,无,正常
2025/7/1,FILLER_07,255922,15,1,运行,无,正常
2025/7/1,FILLER_08,255922,15,1,运行,无,正常
2025/7/1,FILLER_09,255922,15,1,运行,无,正常
2025/7/1,FILLER_10,255922,15,1,运行,无,正常
2025/7/1,FILLER_11,255922,15,1,运行,无,正常
2025/7/1,STERILIZER_01,1404379,15,1,运行,无,正常
2025/7/1,STERILIZER_02,1404379,15,1,运行,无,正常
2025/7/10,PACKAGER_A_01,367950,15,1,运行,无,正常
2025/7/10,PACKAGER_A_02,367950,15,1,运行,无,正常
2025/7/10,PACKAGER_A_03,367950,15,1,运行,无,正常
2025/7/10,PACKAGER_A_04,367950,15,1,运行,无,正常
2025/7/10,PACKAGER_A_05,367950,15,1,运行,无,正常
2025/7/10,PACKAGER_A_06,367950,15,1,运行,无,正常
2025/7/10,PACKAGER_B_01,367950,15,1,运行,无,正常
2025/7/10,PACKAGER_B_02,367950,15,1,运行,无,正常
2025/7/10,PACKAGER_B_03,367950,15,1,运行,无,正常
2025/7/10,PACKAGER_B_04,367950,15,1,运行,无,正常
2025/7/10,PACKAGER_B_05,367950,15,1,运行,无,正常
2025/7/10,PACKAGER_B_06,367950,15,1,运行,无,正常
2025/7/10,FILLER_01,440359,15,1,运行,无,正常
2025/7/10,FILLER_02,440359,15,1,运行,无,正常
2025/7/10,FILLER_03,440359,15,1,运行,无,正常
2025/7/10,FILLER_04,440359,15,1,运行,无,正常
2025/7/10,FILLER_05,440359,15,1,运行,无,正常
2025/7/10,FILLER_06,440359,15,1,运行,无,正常
2025/7/10,FILLER_07,440359,15,1,运行,无,正常
2025/7/10,FILLER_08,440359,15,1,运行,无,正常
2025/7/10,FILLER_09,440359,0,16,停机,软件,软件故障
2025/7/10,FILLER_10,440359,15,1,运行,无,正常
2025/7/10,FILLER_11,440359,15,1,运行,无,正常
2025/7/10,STERILIZER_01,2416653,15,1,运行,无,正常
2025/7/10,STERILIZER_02,2416653,0,16,停机,软件,软件故障
2025/7/11,PACKAGER_A_01,321603,15,1,运行,无,正常
2025/7/11,PACKAGER_A_02,321603,15,1,运行,无,正常
2025/7/11,PACKAGER_A_03,321603,15,1,运行,无,正常
2025/7/11,PACKAGER_A_04,321603,15,1,运行,无,正常
2025/7/11,PACKAGER_A_05,321603,15,1,运行,无,正常
2025/7/11,PACKAGER_A_06,321603,15,1,运行,无,正常
2025/7/11,PACKAGER_B_01,321603,15,1,运行,无,正常
2025/7/11,PACKAGER_B_02,321603,15,1,运行,无,正常
2025/7/11,PACKAGER_B_03,321603,15,1,运行,无,正常
2025/7/11,PACKAGER_B_04,321603,15,1,运行,无,正常
2025/7/11,PACKAGER_B_05,321603,15,1,运行,无,正常
2025/7/11,PACKAGER_B_06,321603,15,1,运行,无,正常
2025/7/11,FILLER_01,403539,15,1,运行,无,正常
2025/7/11,FILLER_02,403539,15,1,运行,无,正常
2025/7/11,FILLER_03,403539,15,1,运行,无,正常
2025/7/11,FILLER_04,403539,15,1,运行,无,正常
2025/7/11,FILLER_05,403539,15,1,运行,无,正常
2025/7/11,FILLER_06,403539,15,1,运行,无,正常
2025/7/11,FILLER_07,403539,15,1,运行,无,正常
2025/7/11,FILLER_08,403539,15,1,运行,无,正常
2025/7/11,FILLER_09,403539,15,1,运行,无,正常
2025/7/11,FILLER_10,403539,15,1,运行,无,正常
2025/7/11,FILLER_11,403539,15,1,运行,无,正常
2025/7/11,STERILIZER_01,2214524,15,1,运行,无,正常
2025/7/11,STERILIZER_02,2214524,15,1,运行,无,正常
2025/7/12,PACKAGER_A_01,217824,15,1,运行,无,正常
2025/7/12,PACKAGER_A_02,217824,15,1,运行,无,正常
2025/7/12,PACKAGER_A_03,217824,15,1,运行,无,正常
2025/7/12,PACKAGER_A_04,217824,15,1,运行,无,正常
2025/7/12,PACKAGER_A_05,217824,15,1,运行,无,正常
2025/7/12,PACKAGER_A_06,217824,15,1,运行,无,正常
2025/7/12,PACKAGER_B_01,217824,15,1,运行,无,正常
2025/7/12,PACKAGER_B_02,217824,15,1,运行,无,正常
2025/7/12,PACKAGER_B_03,217824,15,1,运行,无,正常
2025/7/12,PACKAGER_B_04,217824,15,1,运行,无,正常
2025/7/12,PACKAGER_B_05,217824,15,1,运行,无,正常
2025/7/12,PACKAGER_B_06,217824,15,1,运行,无,正常
2025/7/12,FILLER_01,0,15,1,运行,无,正常
2025/7/12,FILLER_02,0,15,1,运行,无,正常
2025/7/12,FILLER_03,0,15,1,运行,无,正常
2025/7/12,FILLER_04,0,15,1,运行,无,正常
2025/7/12,FILLER_05,0,15,1,运行,无,正常
2025/7/12,FILLER_06,0,15,1,运行,无,正常
2025/7/12,FILLER_07,0,15,1,运行,无,正常
2025/7/12,FILLER_08,0,15,1,运行,无,正常
2025/7/12,FILLER_09,0,15,1,运行,无,正常
2025/7/12,FILLER_10,0,15,1,运行,无,正常
2025/7/12,FILLER_11,0,15,1,运行,无,正常
2025/7/12,STERILIZER_01,0,15,1,运行,无,正常
2025/7/12,STERILIZER_02,0,15,1,运行,无,正常
2025/7/13,PACKAGER_A_01,0,15,1,运行,无,正常
2025/7/13,PACKAGER_A_02,0,15,1,运行,无,正常
2025/7/13,PACKAGER_A_03,0,15,1,运行,无,正常
2025/7/13,PACKAGER_A_04,0,15,1,运行,无,正常
2025/7/13,PACKAGER_A_05,0,15,1,运行,无,正常
2025/7/13,PACKAGER_A_06,0,15,1,运行,无,正常
2025/7/13,PACKAGER_B_01,0,15,1,运行,无,正常
2025/7/13,PACKAGER_B_02,0,15,1,运行,无,正常
2025/7/13,PACKAGER_B_03,0,15,1,运行,无,正常
2025/7/13,PACKAGER_B_04,0,15,1,运行,无,正常
2025/7/13,PACKAGER_B_05,0,15,1,运行,无,正常
2025/7/13,PACKAGER_B_06,0,15,1,运行,无,正常
2025/7/13,FILLER_01,0,15,1,运行,无,正常
2025/7/13,FILLER_02,0,15,1,运行,无,正常
2025/7/13,FILLER_03,0,15,1,运行,无,正常
2025/7/13,FILLER_04,0,15,1,运行,无,正常
2025/7/13,FILLER_05,0,15,1,运行,无,正常
2025/7/13,FILLER_06,0,15,1,运行,无,正常
2025/7/13,FILLER_07,0,0,16,停机,液压,液压故障
2025/7/13,FILLER_08,0,15,1,运行,无,正常
2025/7/13,FILLER_09,0,15,1,运行,无,正常
2025/7/13,FILLER_10,0,0,16,停机,机械,机械故障
2025/7/13,FILLER_11,0,15,1,运行,无,正常
2025/7/13,STERILIZER_01,0,15,1,运行,无,正常
2025/7/13,STERILIZER_02,0,15,1,运行,无,正常
2025/7/14,PACKAGER_A_01,241243,15,1,运行,无,正常
2025/7/14,PACKAGER_A_02,241243,0,16,停机,电气,电气故障
2025/7/14,PACKAGER_A_03,241243,15,1,运行,无,正常
2025/7/14,PACKAGER_A_04,241243,15,1,运行,无,正常
2025/7/14,PACKAGER_A_05,241243,15,1,运行,无,正常
2025/7/14,PACKAGER_A_06,241243,15,1,运行,无,正常
2025/7/14,PACKAGER_B_01,241243,15,1,运行,无,正常
2025/7/14,PACKAGER_B_02,241243,15,1,运行,无,正常
2025/7/14,PACKAGER_B_03,241243,15,1,运行,无,正常
2025/7/14,PACKAGER_B_04,241243,0,16,停机,电气,电气故障
2025/7/14,PACKAGER_B_05,241243,15,1,运行,无,正常
2025/7/14,PACKAGER_B_06,241243,0,16,停机,机械,机械故障
2025/7/14,FILLER_01,292293,15,1,运行,无,正常
2025/7/14,FILLER_02,292293,0,16,停机,软件,软件故障
2025/7/14,FILLER_03,292293,15,1,运行,无,正常
2025/7/14,FILLER_04,292293,15,1,运行,无,正常
2025/7/14,FILLER_05,292293,15,1,运行,无,正常
2025/7/14,FILLER_06,292293,15,1,运行,无,正常
2025/7/14,FILLER_07,292293,15,1,运行,无,正常
2025/7/14,FILLER_08,292293,15,1,运行,无,正常
2025/7/14,FILLER_09,292293,15,1,运行,无,正常
2025/7/14,FILLER_10,292293,15,1,运行,无,正常
2025/7/14,FILLER_11,292293,0,16,停机,软件,软件故障
2025/7/14,STERILIZER_01,1604001,15,1,运行,无,正常
2025/7/14,STERILIZER_02,1604001,15,1,运行,无,正常
2025/7/15,PACKAGER_A_01,233550,15,1,运行,无,正常
2025/7/15,PACKAGER_A_02,233550,15,1,运行,无,正常
2025/7/15,PACKAGER_A_03,233550,15,1,运行,无,正常
2025/7/15,PACKAGER_A_04,233550,15,1,运行,无,正常
2025/7/15,PACKAGER_A_05,233550,15,1,运行,无,正常
2025/7/15,PACKAGER_A_06,233550,15,1,运行,无,正常
2025/7/15,PACKAGER_B_01,233550,15,1,运行,无,正常
2025/7/15,PACKAGER_B_02,233550,15,1,运行,无,正常
2025/7/15,PACKAGER_B_03,233550,15,1,运行,无,正常
2025/7/15,PACKAGER_B_04,233550,15,1,运行,无,正常
2025/7/15,PACKAGER_B_05,233550,15,1,运行,无,正常
2025/7/15,PACKAGER_B_06,233550,15,1,运行,无,正常
2025/7/15,FILLER_01,366253,15,1,运行,无,正常
2025/7/15,FILLER_02,366253,15,1,运行,无,正常
2025/7/15,FILLER_03,366253,15,1,运行,无,正常
2025/7/15,FILLER_04,366253,15,1,运行,无,正常
2025/7/15,FILLER_05,366253,15,1,运行,无,正常
2025/7/15,FILLER_06,366253,0,16,停机,液压,液压故障
2025/7/15,FILLER_07,366253,15,1,运行,无,正常
2025/7/15,FILLER_08,366253,15,1,运行,无,正常
2025/7/15,FILLER_09,366253,15,1,运行,无,正常
2025/7/15,FILLER_10,366253,15,1,运行,无,正常
2025/7/15,FILLER_11,366253,15,1,运行,无,正常
2025/7/15,STERILIZER_01,2009971,15,1,运行,无,正常
2025/7/15,STERILIZER_02,2009971,15,1,运行,无,正常
2025/7/16,PACKAGER_A_01,401982,15,1,运行,无,正常
2025/7/16,PACKAGER_A_02,401982,15,1,运行,无,正常
2025/7/16,PACKAGER_A_03,401982,15,1,运行,无,正常
2025/7/16,PACKAGER_A_04,401982,15,1,运行,无,正常
2025/7/16,PACKAGER_A_05,401982,15,1,运行,无,正常
2025/7/16,PACKAGER_A_06,401982,15,1,运行,无,正常
2025/7/16,PACKAGER_B_01,401982,15,1,运行,无,正常
2025/7/16,PACKAGER_B_02,401982,15,1,运行,无,正常
2025/7/16,PACKAGER_B_03,401982,15,1,运行,无,正常
2025/7/16,PACKAGER_B_04,401982,15,1,运行,无,正常
2025/7/16,PACKAGER_B_05,401982,15,1,运行,无,正常
2025/7/16,PACKAGER_B_06,401982,15,1,运行,无,正常
2025/7/16,FILLER_01,257974,15,1,运行,无,正常
2025/7/16,FILLER_02,257974,15,1,运行,无,正常
2025/7/16,FILLER_03,257974,15,1,运行,无,正常
2025/7/16,FILLER_04,257974,15,1,运行,无,正常
2025/7/16,FILLER_05,257974,15,1,运行,无,正常
2025/7/16,FILLER_06,257974,15,1,运行,无,正常
2025/7/16,FILLER_07,257974,15,1,运行,无,正常
2025/7/16,FILLER_08,257974,15,1,运行,无,正常
2025/7/16,FILLER_09,257974,15,1,运行,无,正常
2025/7/16,FILLER_10,257974,15,1,运行,无,正常
2025/7/16,FILLER_11,257974,15,1,运行,无,正常
2025/7/16,STERILIZER_01,1415724,15,1,运行,无,正常
2025/7/16,STERILIZER_02,1415724,15,1,运行,无,正常
2025/7/17,PACKAGER_A_01,355653,15,1,运行,无,正常
2025/7/17,PACKAGER_A_02,355653,15,1,运行,无,正常
2025/7/17,PACKAGER_A_03,355653,0,16,停机,机械,机械故障
2025/7/17,PACKAGER_A_04,355653,15,1,运行,无,正常
2025/7/17,PACKAGER_A_05,355653,15,1,运行,无,正常
2025/7/17,PACKAGER_A_06,355653,15,1,运行,无,正常
2025/7/17,PACKAGER_B_01,355653,15,1,运行,无,正常
2025/7/17,PACKAGER_B_02,355653,15,1,运行,无,正常
2025/7/17,PACKAGER_B_03,355653,15,1,运行,无,正常
2025/7/17,PACKAGER_B_04,355653,15,1,运行,无,正常
2025/7/17,PACKAGER_B_05,355653,15,1,运行,无,正常
2025/7/17,PACKAGER_B_06,355653,15,1,运行,无,正常
2025/7/17,FILLER_01,624202,15,1,运行,无,正常
2025/7/17,FILLER_02,624202,15,1,运行,无,正常
2025/7/17,FILLER_03,624202,15,1,运行,无,正常
2025/7/17,FILLER_04,624202,15,1,运行,无,正常
2025/7/17,FILLER_05,624202,15,1,运行,无,正常
2025/7/17,FILLER_06,624202,15,1,运行,无,正常
2025/7/17,FILLER_07,624202,15,1,运行,无,正常
2025/7/17,FILLER_08,624202,15,1,运行,无,正常
2025/7/17,FILLER_09,624202,15,1,运行,无,正常
2025/7/17,FILLER_10,624202,15,1,运行,无,正常
2025/7/17,FILLER_11,624202,15,1,运行,无,正常
2025/7/17,STERILIZER_01,3425635,15,1,运行,无,正常
2025/7/17,STERILIZER_02,3425635,15,1,运行,无,正常
2025/7/18,PACKAGER_A_01,341304,15,1,运行,无,正常
2025/7/18,PACKAGER_A_02,341304,0,16,停机,软件,软件故障
2025/7/18,PACKAGER_A_03,341304,15,1,运行,无,正常
2025/7/18,PACKAGER_A_04,341304,15,1,运行,无,正常
2025/7/18,PACKAGER_A_05,341304,15,1,运行,无,正常
2025/7/18,PACKAGER_A_06,341304,15,1,运行,无,正常
2025/7/18,PACKAGER_B_01,341304,15,1,运行,无,正常
2025/7/18,PACKAGER_B_02,341304,15,1,运行,无,正常
2025/7/18,PACKAGER_B_03,341304,15,1,运行,无,正常
2025/7/18,PACKAGER_B_04,341304,15,1,运行,无,正常
2025/7/18,PACKAGER_B_05,341304,15,1,运行,无,正常
2025/7/18,PACKAGER_B_06,341304,15,1,运行,无,正常
2025/7/18,FILLER_01,439757,15,1,运行,无,正常
2025/7/18,FILLER_02,439757,15,1,运行,无,正常
2025/7/18,FILLER_03,439757,15,1,运行,无,正常
2025/7/18,FILLER_04,439757,15,1,运行,无,正常
2025/7/18,FILLER_05,439757,15,1,运行,无,正常
2025/7/18,FILLER_06,439757,15,1,运行,无,正常
2025/7/18,FILLER_07,439757,15,1,运行,无,正常
2025/7/18,FILLER_08,439757,15,1,运行,无,正常
2025/7/18,FILLER_09,439757,15,1,运行,无,正常
2025/7/18,FILLER_10,439757,15,1,运行,无,正常
2025/7/18,FILLER_11,439757,15,1,运行,无,正常
2025/7/18,STERILIZER_01,2413474,15,1,运行,无,正常
2025/7/18,STERILIZER_02,2413474,15,1,运行,无,正常
2025/7/19,PACKAGER_A_01,67243,15,1,运行,无,正常
2025/7/19,PACKAGER_A_02,67243,15,1,运行,无,正常
2025/7/19,PACKAGER_A_03,67243,15,1,运行,无,正常
2025/7/19,PACKAGER_A_04,67243,15,1,运行,无,正常
2025/7/19,PACKAGER_A_05,67243,15,1,运行,无,正常
2025/7/19,PACKAGER_A_06,67243,15,1,运行,无,正常
2025/7/19,PACKAGER_B_01,67243,15,1,运行,无,正常
2025/7/19,PACKAGER_B_02,67243,15,1,运行,无,正常
2025/7/19,PACKAGER_B_03,67243,15,1,运行,无,正常
2025/7/19,PACKAGER_B_04,67243,15,1,运行,无,正常
2025/7/19,PACKAGER_B_05,67243,15,1,运行,无,正常
2025/7/19,PACKAGER_B_06,67243,15,1,运行,无,正常
2025/7/19,FILLER_01,0,15,1,运行,无,正常
2025/7/19,FILLER_02,0,15,1,运行,无,正常
2025/7/19,FILLER_03,0,15,1,运行,无,正常
2025/7/19,FILLER_04,0,15,1,运行,无,正常
2025/7/19,FILLER_05,0,15,1,运行,无,正常
2025/7/19,FILLER_06,0,15,1,运行,无,正常
2025/7/19,FILLER_07,0,15,1,运行,无,正常
2025/7/19,FILLER_08,0,15,1,运行,无,正常
2025/7/19,FILLER_09,0,0,16,停机,软件,软件故障
2025/7/19,FILLER_10,0,15,1,运行,无,正常
2025/7/19,FILLER_11,0,15,1,运行,无,正常
2025/7/19,STERILIZER_01,0,15,1,运行,无,正常
2025/7/19,STERILIZER_02,0,15,1,运行,无,正常
2025/7/2,PACKAGER_A_01,233959,15,1,运行,无,正常
2025/7/2,PACKAGER_A_02,233959,15,1,运行,无,正常
2025/7/2,PACKAGER_A_03,233959,15,1,运行,无,正常
2025/7/2,PACKAGER_A_04,233959,15,1,运行,无,正常
2025/7/2,PACKAGER_A_05,233959,15,1,运行,无,正常
2025/7/2,PACKAGER_A_06,233959,15,1,运行,无,正常
2025/7/2,PACKAGER_B_01,233959,15,1,运行,无,正常
2025/7/2,PACKAGER_B_02,233959,15,1,运行,无,正常
2025/7/2,PACKAGER_B_03,233959,15,1,运行,无,正常
2025/7/2,PACKAGER_B_04,233959,15,1,运行,无,正常
2025/7/2,PACKAGER_B_05,233959,15,1,运行,无,正常
2025/7/2,PACKAGER_B_06,233959,15,1,运行,无,正常
2025/7/2,FILLER_01,255994,15,1,运行,无,正常
2025/7/2,FILLER_02,255994,15,1,运行,无,正常
2025/7/2,FILLER_03,255994,15,1,运行,无,正常
2025/7/2,FILLER_04,255994,15,1,运行,无,正常
2025/7/2,FILLER_05,255994,15,1,运行,无,正常
2025/7/2,FILLER_06,255994,15,1,运行,无,正常
2025/7/2,FILLER_07,255994,15,1,运行,无,正常
2025/7/2,FILLER_08,255994,15,1,运行,无,正常
2025/7/2,FILLER_09,255994,15,1,运行,无,正常
2025/7/2,FILLER_10,255994,15,1,运行,无,正常
2025/7/2,FILLER_11,255994,15,1,运行,无,正常
2025/7/2,STERILIZER_01,1404733,15,1,运行,无,正常
2025/7/2,STERILIZER_02,1404733,15,1,运行,无,正常
2025/7/20,PACKAGER_A_01,0,15,1,运行,无,正常
2025/7/20,PACKAGER_A_02,0,15,1,运行,无,正常
2025/7/20,PACKAGER_A_03,0,15,1,运行,无,正常
2025/7/20,PACKAGER_A_04,0,15,1,运行,无,正常
2025/7/20,PACKAGER_A_05,0,15,1,运行,无,正常
2025/7/20,PACKAGER_A_06,0,15,1,运行,无,正常
2025/7/20,PACKAGER_B_01,0,15,1,运行,无,正常
2025/7/20,PACKAGER_B_02,0,15,1,运行,无,正常
2025/7/20,PACKAGER_B_03,0,15,1,运行,无,正常
2025/7/20,PACKAGER_B_04,0,15,1,运行,无,正常
2025/7/20,PACKAGER_B_05,0,15,1,运行,无,正常
2025/7/20,PACKAGER_B_06,0,15,1,运行,无,正常
2025/7/20,FILLER_01,0,15,1,运行,无,正常
2025/7/20,FILLER_02,0,15,1,运行,无,正常
2025/7/20,FILLER_03,0,15,1,运行,无,正常
2025/7/20,FILLER_04,0,15,1,运行,无,正常
2025/7/20,FILLER_05,0,15,1,运行,无,正常
2025/7/20,FILLER_06,0,15,1,运行,无,正常
2025/7/20,FILLER_07,0,15,1,运行,无,正常
2025/7/20,FILLER_08,0,15,1,运行,无,正常
2025/7/20,FILLER_09,0,15,1,运行,无,正常
2025/7/20,FILLER_10,0,15,1,运行,无,正常
2025/7/20,FILLER_11,0,15,1,运行,无,正常
2025/7/20,STERILIZER_01,0,15,1,运行,无,正常
2025/7/20,STERILIZER_02,0,15,1,运行,无,正常
2025/7/21,PACKAGER_A_01,208663,0,16,停机,电气,电气故障
2025/7/21,PACKAGER_A_02,208663,15,1,运行,无,正常
2025/7/21,PACKAGER_A_03,208663,15,1,运行,无,正常
2025/7/21,PACKAGER_A_04,208663,15,1,运行,无,正常
2025/7/21,PACKAGER_A_05,208663,15,1,运行,无,正常
2025/7/21,PACKAGER_A_06,208663,15,1,运行,无,正常
2025/7/21,PACKAGER_B_01,208663,15,1,运行,无,正常
2025/7/21,PACKAGER_B_02,208663,15,1,运行,无,正常
2025/7/21,PACKAGER_B_03,208663,15,1,运行,无,正常
2025/7/21,PACKAGER_B_04,208663,15,1,运行,无,正常
2025/7/21,PACKAGER_B_05,208663,15,1,运行,无,正常
2025/7/21,PACKAGER_B_06,208663,15,1,运行,无,正常
2025/7/21,FILLER_01,292814,15,1,运行,无,正常
2025/7/21,FILLER_02,292814,15,1,运行,无,正常
2025/7/21,FILLER_03,292814,15,1,运行,无,正常
2025/7/21,FILLER_04,292814,0,16,停机,软件,软件故障
2025/7/21,FILLER_05,292814,15,1,运行,无,正常
2025/7/21,FILLER_06,292814,15,1,运行,无,正常
2025/7/21,FILLER_07,292814,15,1,运行,无,正常
2025/7/21,FILLER_08,292814,15,1,运行,无,正常
2025/7/21,FILLER_09,292814,15,1,运行,无,正常
2025/7/21,FILLER_10,292814,15,1,运行,无,正常
2025/7/21,FILLER_11,292814,15,1,运行,无,正常
2025/7/21,STERILIZER_01,1606802,15,1,运行,无,正常
2025/7/21,STERILIZER_02,1606802,15,1,运行,无,正常
2025/7/22,PACKAGER_A_01,334503,15,1,运行,无,正常
2025/7/22,PACKAGER_A_02,334503,15,1,运行,无,正常
2025/7/22,PACKAGER_A_03,334503,0,16,停机,液压,液压故障
2025/7/22,PACKAGER_A_04,334503,15,1,运行,无,正常
2025/7/22,PACKAGER_A_05,334503,15,1,运行,无,正常
2025/7/22,PACKAGER_A_06,334503,15,1,运行,无,正常
2025/7/22,PACKAGER_B_01,334503,15,1,运行,无,正常
2025/7/22,PACKAGER_B_02,334503,15,1,运行,无,正常
2025/7/22,PACKAGER_B_03,334503,15,1,运行,无,正常
2025/7/22,PACKAGER_B_04,334503,15,1,运行,无,正常
2025/7/22,PACKAGER_B_05,334503,15,1,运行,无,正常
2025/7/22,PACKAGER_B_06,334503,15,1,运行,无,正常
2025/7/22,FILLER_01,329779,15,1,运行,无,正常
2025/7/22,FILLER_02,329779,15,1,运行,无,正常
2025/7/22,FILLER_03,329779,15,1,运行,无,正常
2025/7/22,FILLER_04,329779,0,16,停机,机械,机械故障
2025/7/22,FILLER_05,329779,15,1,运行,无,正常
2025/7/22,FILLER_06,329779,15,1,运行,无,正常
2025/7/22,FILLER_07,329779,15,1,运行,无,正常
2025/7/22,FILLER_08,329779,15,1,运行,无,正常
2025/7/22,FILLER_09,329779,15,1,运行,无,正常
2025/7/22,FILLER_10,329779,15,1,运行,无,正常
2025/7/22,FILLER_11,329779,15,1,运行,无,正常
2025/7/22,STERILIZER_01,1809893,15,1,运行,无,正常
2025/7/22,STERILIZER_02,1809893,15,1,运行,无,正常
2025/7/23,PACKAGER_A_01,368746,15,1,运行,无,正常
2025/7/23,PACKAGER_A_02,368746,15,1,运行,无,正常
2025/7/23,PACKAGER_A_03,368746,15,1,运行,无,正常
2025/7/23,PACKAGER_A_04,368746,15,1,运行,无,正常
2025/7/23,PACKAGER_A_05,368746,15,1,运行,无,正常
2025/7/23,PACKAGER_A_06,368746,15,1,运行,无,正常
2025/7/23,PACKAGER_B_01,368746,15,1,运行,无,正常
2025/7/23,PACKAGER_B_02,368746,15,1,运行,无,正常
2025/7/23,PACKAGER_B_03,368746,15,1,运行,无,正常
2025/7/23,PACKAGER_B_04,368746,15,1,运行,无,正常
2025/7/23,PACKAGER_B_05,368746,15,1,运行,无,正常
2025/7/23,PACKAGER_B_06,368746,15,1,运行,无,正常
2025/7/23,FILLER_01,439855,15,1,运行,无,正常
2025/7/23,FILLER_02,439855,15,1,运行,无,正常
2025/7/23,FILLER_03,439855,15,1,运行,无,正常
2025/7/23,FILLER_04,439855,15,1,运行,无,正常
2025/7/23,FILLER_05,439855,15,1,运行,无,正常
2025/7/23,FILLER_06,439855,15,1,运行,无,正常
2025/7/23,FILLER_07,439855,15,1,运行,无,正常
2025/7/23,FILLER_08,439855,15,1,运行,无,正常
2025/7/23,FILLER_09,439855,15,1,运行,无,正常
2025/7/23,FILLER_10,439855,15,1,运行,无,正常
2025/7/23,FILLER_11,439855,15,1,运行,无,正常
2025/7/23,STERILIZER_01,2413713,15,1,运行,无,正常
2025/7/23,STERILIZER_02,2413713,15,1,运行,无,正常
2025/7/24,PACKAGER_A_01,301600,15,1,运行,无,正常
2025/7/24,PACKAGER_A_02,301600,15,1,运行,无,正常
2025/7/24,PACKAGER_A_03,301600,15,1,运行,无,正常
2025/7/24,PACKAGER_A_04,301600,15,1,运行,无,正常
2025/7/24,PACKAGER_A_05,301600,15,1,运行,无,正常
2025/7/24,PACKAGER_A_06,301600,15,1,运行,无,正常
2025/7/24,PACKAGER_B_01,301600,15,1,运行,无,正常
2025/7/24,PACKAGER_B_02,301600,15,1,运行,无,正常
2025/7/24,PACKAGER_B_03,301600,15,1,运行,无,正常
2025/7/24,PACKAGER_B_04,301600,15,1,运行,无,正常
2025/7/24,PACKAGER_B_05,301600,15,1,运行,无,正常
2025/7/24,PACKAGER_B_06,301600,15,1,运行,无,正常
2025/7/24,FILLER_01,441151,15,1,运行,无,正常
2025/7/24,FILLER_02,441151,15,1,运行,无,正常
2025/7/24,FILLER_03,441151,15,1,运行,无,正常
2025/7/24,FILLER_04,441151,15,1,运行,无,正常
2025/7/24,FILLER_05,441151,15,1,运行,无,正常
2025/7/24,FILLER_06,441151,15,1,运行,无,正常
2025/7/24,FILLER_07,441151,15,1,运行,无,正常
2025/7/24,FILLER_08,441151,15,1,运行,无,正常
2025/7/24,FILLER_09,441151,15,1,运行,无,正常
2025/7/24,FILLER_10,441151,15,1,运行,无,正常
2025/7/24,FILLER_11,441151,15,1,运行,无,正常
2025/7/24,STERILIZER_01,2420897,15,1,运行,无,正常
2025/7/24,STERILIZER_02,2420897,15,1,运行,无,正常
2025/7/25,PACKAGER_A_01,335310,15,1,运行,无,正常
2025/7/25,PACKAGER_A_02,335310,15,1,运行,无,正常
2025/7/25,PACKAGER_A_03,335310,15,1,运行,无,正常
2025/7/25,PACKAGER_A_04,335310,15,1,运行,无,正常
2025/7/25,PACKAGER_A_05,335310,15,1,运行,无,正常
2025/7/25,PACKAGER_A_06,335310,15,1,运行,无,正常
2025/7/25,PACKAGER_B_01,335310,15,1,运行,无,正常
2025/7/25,PACKAGER_B_02,335310,15,1,运行,无,正常
2025/7/25,PACKAGER_B_03,335310,15,1,运行,无,正常
2025/7/25,PACKAGER_B_04,335310,15,1,运行,无,正常
2025/7/25,PACKAGER_B_05,335310,15,1,运行,无,正常
2025/7/25,PACKAGER_B_06,335310,15,1,运行,无,正常
2025/7/25,FILLER_01,366661,15,1,运行,无,正常
2025/7/25,FILLER_02,366661,15,1,运行,无,正常
2025/7/25,FILLER_03,366661,15,1,运行,无,正常
2025/7/25,FILLER_04,366661,15,1,运行,无,正常
2025/7/25,FILLER_05,366661,15,1,运行,无,正常
2025/7/25,FILLER_06,366661,15,1,运行,无,正常
2025/7/25,FILLER_07,366661,15,1,运行,无,正常
2025/7/25,FILLER_08,366661,15,1,运行,无,正常
2025/7/25,FILLER_09,366661,15,1,运行,无,正常
2025/7/25,FILLER_10,366661,15,1,运行,无,正常
2025/7/25,FILLER_11,366661,15,1,运行,无,正常
2025/7/25,STERILIZER_01,2011976,15,1,运行,无,正常
2025/7/25,STERILIZER_02,2011976,15,1,运行,无,正常
2025/7/26,PACKAGER_A_01,100877,15,1,运行,无,正常
2025/7/26,PACKAGER_A_02,100877,15,1,运行,无,正常
2025/7/26,PACKAGER_A_03,100877,15,1,运行,无,正常
2025/7/26,PACKAGER_A_04,100877,15,1,运行,无,正常
2025/7/26,PACKAGER_A_05,100877,15,1,运行,无,正常
2025/7/26,PACKAGER_A_06,100877,15,1,运行,无,正常
2025/7/26,PACKAGER_B_01,100877,15,1,运行,无,正常
2025/7/26,PACKAGER_B_02,100877,15,1,运行,无,正常
2025/7/26,PACKAGER_B_03,100877,15,1,运行,无,正常
2025/7/26,PACKAGER_B_04,100877,15,1,运行,无,正常
2025/7/26,PACKAGER_B_05,100877,15,1,运行,无,正常
2025/7/26,PACKAGER_B_06,100877,15,1,运行,无,正常
2025/7/26,FILLER_01,110827,15,1,运行,无,正常
2025/7/26,FILLER_02,110827,15,1,运行,无,正常
2025/7/26,FILLER_03,110827,15,1,运行,无,正常
2025/7/26,FILLER_04,110827,15,1,运行,无,正常
2025/7/26,FILLER_05,110827,15,1,运行,无,正常
2025/7/26,FILLER_06,110827,15,1,运行,无,正常
2025/7/26,FILLER_07,110827,15,1,运行,无,正常
2025/7/26,FILLER_08,110827,15,1,运行,无,正常
2025/7/26,FILLER_09,110827,15,1,运行,无,正常
2025/7/26,FILLER_10,110827,0,16,停机,液压,液压故障
2025/7/26,FILLER_11,110827,15,1,运行,无,正常
2025/7/26,STERILIZER_01,608211,15,1,运行,无,正常
2025/7/26,STERILIZER_02,608211,15,1,运行,无,正常
2025/7/27,PACKAGER_A_01,0,15,1,运行,无,正常
2025/7/27,PACKAGER_A_02,0,15,1,运行,无,正常
2025/7/27,PACKAGER_A_03,0,15,1,运行,无,正常
2025/7/27,PACKAGER_A_04,0,15,1,运行,无,正常
2025/7/27,PACKAGER_A_05,0,15,1,运行,无,正常
2025/7/27,PACKAGER_A_06,0,15,1,运行,无,正常
2025/7/27,PACKAGER_B_01,0,15,1,运行,无,正常
2025/7/27,PACKAGER_B_02,0,15,1,运行,无,正常
2025/7/27,PACKAGER_B_03,0,15,1,运行,无,正常
2025/7/27,PACKAGER_B_04,0,15,1,运行,无,正常
2025/7/27,PACKAGER_B_05,0,15,1,运行,无,正常
2025/7/27,PACKAGER_B_06,0,15,1,运行,无,正常
2025/7/27,FILLER_01,0,0,16,停机,机械,机械故障
2025/7/27,FILLER_02,0,15,1,运行,无,正常
2025/7/27,FILLER_03,0,15,1,运行,无,正常
2025/7/27,FILLER_04,0,15,1,运行,无,正常
2025/7/27,FILLER_05,0,15,1,运行,无,正常
2025/7/27,FILLER_06,0,15,1,运行,无,正常
2025/7/27,FILLER_07,0,15,1,运行,无,正常
2025/7/27,FILLER_08,0,15,1,运行,无,正常
2025/7/27,FILLER_09,0,15,1,运行,无,正常
2025/7/27,FILLER_10,0,15,1,运行,无,正常
2025/7/27,FILLER_11,0,15,1,运行,无,正常
2025/7/27,STERILIZER_01,0,15,1,运行,无,正常
2025/7/27,STERILIZER_02,0,15,1,运行,无,正常
2025/7/28,PACKAGER_A_01,167410,15,1,运行,无,正常
2025/7/28,PACKAGER_A_02,167410,15,1,运行,无,正常
2025/7/28,PACKAGER_A_03,167410,0,16,停机,机械,机械故障
2025/7/28,PACKAGER_A_04,167410,15,1,运行,无,正常
2025/7/28,PACKAGER_A_05,167410,15,1,运行,无,正常
2025/7/28,PACKAGER_A_06,167410,15,1,运行,无,正常
2025/7/28,PACKAGER_B_01,167410,15,1,运行,无,正常
2025/7/28,PACKAGER_B_02,167410,15,1,运行,无,正常
2025/7/28,PACKAGER_B_03,167410,15,1,运行,无,正常
2025/7/28,PACKAGER_B_04,167410,15,1,运行,无,正常
2025/7/28,PACKAGER_B_05,167410,15,1,运行,无,正常
2025/7/28,PACKAGER_B_06,167410,15,1,运行,无,正常
2025/7/28,FILLER_01,219264,15,1,运行,无,正常
2025/7/28,FILLER_02,219264,15,1,运行,无,正常
2025/7/28,FILLER_03,219264,15,1,运行,无,正常
2025/7/28,FILLER_04,219264,15,1,运行,无,正常
2025/7/28,FILLER_05,219264,15,1,运行,无,正常
2025/7/28,FILLER_06,219264,15,1,运行,无,正常
2025/7/28,FILLER_07,219264,15,1,运行,无,正常
2025/7/28,FILLER_08,219264,15,1,运行,无,正常
2025/7/28,FILLER_09,219264,15,1,运行,无,正常
2025/7/28,FILLER_10,219264,0,16,停机,电气,电气故障
2025/7/28,FILLER_11,219264,15,1,运行,无,正常
2025/7/28,STERILIZER_01,1203284,15,1,运行,无,正常
2025/7/28,STERILIZER_02,1203284,15,1,运行,无,正常
2025/7/29,PACKAGER_A_01,403212,15,1,运行,无,正常
2025/7/29,PACKAGER_A_02,403212,15,1,运行,无,正常
2025/7/29,PACKAGER_A_03,403212,15,1,运行,无,正常
2025/7/29,PACKAGER_A_04,403212,15,1,运行,无,正常
2025/7/29,PACKAGER_A_05,403212,15,1,运行,无,正常
2025/7/29,PACKAGER_A_06,403212,15,1,运行,无,正常
2025/7/29,PACKAGER_B_01,403212,15,1,运行,无,正常
2025/7/29,PACKAGER_B_02,403212,15,1,运行,无,正常
2025/7/29,PACKAGER_B_03,403212,15,1,运行,无,正常
2025/7/29,PACKAGER_B_04,403212,15,1,运行,无,正常
2025/7/29,PACKAGER_B_05,403212,15,1,运行,无,正常
2025/7/29,PACKAGER_B_06,403212,15,1,运行,无,正常
2025/7/29,FILLER_01,440938,15,1,运行,无,正常
2025/7/29,FILLER_02,440938,15,1,运行,无,正常
2025/7/29,FILLER_03,440938,15,1,运行,无,正常
2025/7/29,FILLER_04,440938,15,1,运行,无,正常
2025/7/29,FILLER_05,440938,15,1,运行,无,正常
2025/7/29,FILLER_06,440938,15,1,运行,无,正常
2025/7/29,FILLER_07,440938,15,1,运行,无,正常
2025/7/29,FILLER_08,440938,15,1,运行,无,正常
2025/7/29,FILLER_09,440938,15,1,运行,无,正常
2025/7/29,FILLER_10,440938,15,1,运行,无,正常
2025/7/29,FILLER_11,440938,15,1,运行,无,正常
2025/7/29,STERILIZER_01,2419928,15,1,运行,无,正常
2025/7/29,STERILIZER_02,2419928,15,1,运行,无,正常
2025/7/3,PACKAGER_A_01,218033,15,1,运行,无,正常
2025/7/3,PACKAGER_A_02,218033,15,1,运行,无,正常
2025/7/3,PACKAGER_A_03,218033,15,1,运行,无,正常
2025/7/3,PACKAGER_A_04,218033,15,1,运行,无,正常
2025/7/3,PACKAGER_A_05,218033,0,16,停机,软件,软件故障
2025/7/3,PACKAGER_A_06,218033,15,1,运行,无,正常
2025/7/3,PACKAGER_B_01,218033,15,1,运行,无,正常
2025/7/3,PACKAGER_B_02,218033,15,1,运行,无,正常
2025/7/3,PACKAGER_B_03,218033,15,1,运行,无,正常
2025/7/3,PACKAGER_B_04,218033,15,1,运行,无,正常
2025/7/3,PACKAGER_B_05,218033,15,1,运行,无,正常
2025/7/3,PACKAGER_B_06,218033,15,1,运行,无,正常
2025/7/3,FILLER_01,256962,15,1,运行,无,正常
2025/7/3,FILLER_02,256962,15,1,运行,无,正常
2025/7/3,FILLER_03,256962,15,1,运行,无,正常
2025/7/3,FILLER_04,256962,15,1,运行,无,正常
2025/7/3,FILLER_05,256962,15,1,运行,无,正常
2025/7/3,FILLER_06,256962,15,1,运行,无,正常
2025/7/3,FILLER_07,256962,15,1,运行,无,正常
2025/7/3,FILLER_08,256962,15,1,运行,无,正常
2025/7/3,FILLER_09,256962,15,1,运行,无,正常
2025/7/3,FILLER_10,256962,15,1,运行,无,正常
2025/7/3,FILLER_11,256962,15,1,运行,无,正常
2025/7/3,STERILIZER_01,1410141,15,1,运行,无,正常
2025/7/3,STERILIZER_02,1410141,15,1,运行,无,正常
2025/7/30,PACKAGER_A_01,369108,15,1,运行,无,正常
2025/7/30,PACKAGER_A_02,369108,15,1,运行,无,正常
2025/7/30,PACKAGER_A_03,369108,15,1,运行,无,正常
2025/7/30,PACKAGER_A_04,369108,15,1,运行,无,正常
2025/7/30,PACKAGER_A_05,369108,15,1,运行,无,正常
2025/7/30,PACKAGER_A_06,369108,15,1,运行,无,正常
2025/7/30,PACKAGER_B_01,369108,15,1,运行,无,正常
2025/7/30,PACKAGER_B_02,369108,15,1,运行,无,正常
2025/7/30,PACKAGER_B_03,369108,15,1,运行,无,正常
2025/7/30,PACKAGER_B_04,369108,15,1,运行,无,正常
2025/7/30,PACKAGER_B_05,369108,15,1,运行,无,正常
2025/7/30,PACKAGER_B_06,369108,15,1,运行,无,正常
2025/7/30,FILLER_01,440389,15,1,运行,无,正常
2025/7/30,FILLER_02,440389,15,1,运行,无,正常
2025/7/30,FILLER_03,440389,15,1,运行,无,正常
2025/7/30,FILLER_04,440389,15,1,运行,无,正常
2025/7/30,FILLER_05,440389,15,1,运行,无,正常
2025/7/30,FILLER_06,440389,15,1,运行,无,正常
2025/7/30,FILLER_07,440389,15,1,运行,无,正常
2025/7/30,FILLER_08,440389,15,1,运行,无,正常
2025/7/30,FILLER_09,440389,15,1,运行,无,正常
2025/7/30,FILLER_10,440389,15,1,运行,无,正常
2025/7/30,FILLER_11,440389,15,1,运行,无,正常
2025/7/30,STERILIZER_01,2416836,15,1,运行,无,正常
2025/7/30,STERILIZER_02,2416836,15,1,运行,无,正常
2025/7/31,PACKAGER_A_01,368734,15,1,运行,无,正常
2025/7/31,PACKAGER_A_02,368734,15,1,运行,无,正常
2025/7/31,PACKAGER_A_03,368734,15,1,运行,无,正常
2025/7/31,PACKAGER_A_04,368734,15,1,运行,无,正常
2025/7/31,PACKAGER_A_05,368734,15,1,运行,无,正常
2025/7/31,PACKAGER_A_06,368734,15,1,运行,无,正常
2025/7/31,PACKAGER_B_01,368734,15,1,运行,无,正常
2025/7/31,PACKAGER_B_02,368734,15,1,运行,无,正常
2025/7/31,PACKAGER_B_03,368734,0,16,停机,机械,机械故障
2025/7/31,PACKAGER_B_04,368734,15,1,运行,无,正常
2025/7/31,PACKAGER_B_05,368734,15,1,运行,无,正常
2025/7/31,PACKAGER_B_06,368734,15,1,运行,无,正常
2025/7/31,FILLER_01,331510,15,1,运行,无,正常
2025/7/31,FILLER_02,331510,15,1,运行,无,正常
2025/7/31,FILLER_03,331510,15,1,运行,无,正常
2025/7/31,FILLER_04,331510,15,1,运行,无,正常
2025/7/31,FILLER_05,331510,15,1,运行,无,正常
2025/7/31,FILLER_06,331510,15,1,运行,无,正常
2025/7/31,FILLER_07,331510,15,1,运行,无,正常
2025/7/31,FILLER_08,331510,15,1,运行,无,正常
2025/7/31,FILLER_09,331510,15,1,运行,无,正常
2025/7/31,FILLER_10,331510,15,1,运行,无,正常
2025/7/31,FILLER_11,331510,15,1,运行,无,正常
2025/7/31,STERILIZER_01,1819504,15,1,运行,无,正常
2025/7/31,STERILIZER_02,1819504,15,1,运行,无,正常
2025/7/4,PACKAGER_A_01,274697,15,1,运行,无,正常
2025/7/4,PACKAGER_A_02,274697,15,1,运行,无,正常
2025/7/4,PACKAGER_A_03,274697,15,1,运行,无,正常
2025/7/4,PACKAGER_A_04,274697,15,1,运行,无,正常
2025/7/4,PACKAGER_A_05,274697,15,1,运行,无,正常
2025/7/4,PACKAGER_A_06,274697,0,16,停机,液压,液压故障
2025/7/4,PACKAGER_B_01,274697,15,1,运行,无,正常
2025/7/4,PACKAGER_B_02,274697,15,1,运行,无,正常
2025/7/4,PACKAGER_B_03,274697,15,1,运行,无,正常
2025/7/4,PACKAGER_B_04,274697,15,1,运行,无,正常
2025/7/4,PACKAGER_B_05,274697,15,1,运行,无,正常
2025/7/4,PACKAGER_B_06,274697,15,1,运行,无,正常
2025/7/4,FILLER_01,255668,15,1,运行,无,正常
2025/7/4,FILLER_02,255668,15,1,运行,无,正常
2025/7/4,FILLER_03,255668,15,1,运行,无,正常
2025/7/4,FILLER_04,255668,15,1,运行,无,正常
2025/7/4,FILLER_05,255668,15,1,运行,无,正常
2025/7/4,FILLER_06,255668,15,1,运行,无,正常
2025/7/4,FILLER_07,255668,15,1,运行,无,正常
2025/7/4,FILLER_08,255668,15,1,运行,无,正常
2025/7/4,FILLER_09,255668,15,1,运行,无,正常
2025/7/4,FILLER_10,255668,15,1,运行,无,正常
2025/7/4,FILLER_11,255668,15,1,运行,无,正常
2025/7/4,STERILIZER_01,1403180,15,1,运行,无,正常
2025/7/4,STERILIZER_02,1403180,15,1,运行,无,正常
2025/7/5,PACKAGER_A_01,122549,15,1,运行,无,正常
2025/7/5,PACKAGER_A_02,122549,15,1,运行,无,正常
2025/7/5,PACKAGER_A_03,122549,15,1,运行,无,正常
2025/7/5,PACKAGER_A_04,122549,15,1,运行,无,正常
2025/7/5,PACKAGER_A_05,122549,15,1,运行,无,正常
2025/7/5,PACKAGER_A_06,122549,15,1,运行,无,正常
2025/7/5,PACKAGER_B_01,122549,15,1,运行,无,正常
2025/7/5,PACKAGER_B_02,122549,15,1,运行,无,正常
2025/7/5,PACKAGER_B_03,122549,15,1,运行,无,正常
2025/7/5,PACKAGER_B_04,122549,15,1,运行,无,正常
2025/7/5,PACKAGER_B_05,122549,15,1,运行,无,正常
2025/7/5,PACKAGER_B_06,122549,15,1,运行,无,正常
2025/7/5,FILLER_01,72344,15,1,运行,无,正常
2025/7/5,FILLER_02,72344,15,1,运行,无,正常
2025/7/5,FILLER_03,72344,15,1,运行,无,正常
2025/7/5,FILLER_04,72344,15,1,运行,无,正常
2025/7/5,FILLER_05,72344,15,1,运行,无,正常
2025/7/5,FILLER_06,72344,15,1,运行,无,正常
2025/7/5,FILLER_07,72344,15,1,运行,无,正常
2025/7/5,FILLER_08,72344,15,1,运行,无,正常
2025/7/5,FILLER_09,72344,15,1,运行,无,正常
2025/7/5,FILLER_10,72344,15,1,运行,无,正常
2025/7/5,FILLER_11,72344,15,1,运行,无,正常
2025/7/5,STERILIZER_01,396951,15,1,运行,无,正常
2025/7/5,STERILIZER_02,396951,15,1,运行,无,正常
2025/7/6,PACKAGER_A_01,0,15,1,运行,无,正常
2025/7/6,PACKAGER_A_02,0,15,1,运行,无,正常
2025/7/6,PACKAGER_A_03,0,15,1,运行,无,正常
2025/7/6,PACKAGER_A_04,0,15,1,运行,无,正常
2025/7/6,PACKAGER_A_05,0,15,1,运行,无,正常
2025/7/6,PACKAGER_A_06,0,15,1,运行,无,正常
2025/7/6,PACKAGER_B_01,0,15,1,运行,无,正常
2025/7/6,PACKAGER_B_02,0,15,1,运行,无,正常
2025/7/6,PACKAGER_B_03,0,15,1,运行,无,正常
2025/7/6,PACKAGER_B_04,0,15,1,运行,无,正常
2025/7/6,PACKAGER_B_05,0,15,1,运行,无,正常
2025/7/6,PACKAGER_B_06,0,15,1,运行,无,正常
2025/7/6,FILLER_01,0,15,1,运行,无,正常
2025/7/6,FILLER_02,0,15,1,运行,无,正常
2025/7/6,FILLER_03,0,15,1,运行,无,正常
2025/7/6,FILLER_04,0,0,16,停机,软件,软件故障
2025/7/6,FILLER_05,0,15,1,运行,无,正常
2025/7/6,FILLER_06,0,15,1,运行,无,正常
2025/7/6,FILLER_07,0,15,1,运行,无,正常
2025/7/6,FILLER_08,0,15,1,运行,无,正常
2025/7/6,FILLER_09,0,15,1,运行,无,正常
2025/7/6,FILLER_10,0,15,1,运行,无,正常
2025/7/6,FILLER_11,0,15,1,运行,无,正常
2025/7/6,STERILIZER_01,0,15,1,运行,无,正常
2025/7/6,STERILIZER_02,0,15,1,运行,无,正常
2025/7/7,PACKAGER_A_01,174451,15,1,运行,无,正常
2025/7/7,PACKAGER_A_02,174451,15,1,运行,无,正常
2025/7/7,PACKAGER_A_03,174451,15,1,运行,无,正常
2025/7/7,PACKAGER_A_04,174451,15,1,运行,无,正常
2025/7/7,PACKAGER_A_05,174451,15,1,运行,无,正常
2025/7/7,PACKAGER_A_06,174451,0,16,停机,机械,机械故障
2025/7/7,PACKAGER_B_01,174451,15,1,运行,无,正常
2025/7/7,PACKAGER_B_02,174451,15,1,运行,无,正常
2025/7/7,PACKAGER_B_03,174451,15,1,运行,无,正常
2025/7/7,PACKAGER_B_04,174451,15,1,运行,无,正常
2025/7/7,PACKAGER_B_05,174451,15,1,运行,无,正常
2025/7/7,PACKAGER_B_06,174451,15,1,运行,无,正常
2025/7/7,FILLER_01,292048,15,1,运行,无,正常
2025/7/7,FILLER_02,292048,15,1,运行,无,正常
2025/7/7,FILLER_03,292048,15,1,运行,无,正常
2025/7/7,FILLER_04,292048,15,1,运行,无,正常
2025/7/7,FILLER_05,292048,15,1,运行,无,正常
2025/7/7,FILLER_06,292048,15,1,运行,无,正常
2025/7/7,FILLER_07,292048,15,1,运行,无,正常
2025/7/7,FILLER_08,292048,15,1,运行,无,正常
2025/7/7,FILLER_09,292048,0,16,停机,液压,液压故障
2025/7/7,FILLER_10,292048,15,1,运行,无,正常
2025/7/7,FILLER_11,292048,15,1,运行,无,正常
2025/7/7,STERILIZER_01,1602712,15,1,运行,无,正常
2025/7/7,STERILIZER_02,1602712,15,1,运行,无,正常
2025/7/8,PACKAGER_A_01,670387,15,1,运行,无,正常
2025/7/8,PACKAGER_A_02,670387,15,1,运行,无,正常
2025/7/8,PACKAGER_A_03,670387,15,1,运行,无,正常
2025/7/8,PACKAGER_A_04,670387,15,1,运行,无,正常
2025/7/8,PACKAGER_A_05,670387,15,1,运行,无,正常
2025/7/8,PACKAGER_A_06,670387,15,1,运行,无,正常
2025/7/8,PACKAGER_B_01,670387,0,16,停机,软件,软件故障
2025/7/8,PACKAGER_B_02,670387,15,1,运行,无,正常
2025/7/8,PACKAGER_B_03,670387,15,1,运行,无,正常
2025/7/8,PACKAGER_B_04,670387,15,1,运行,无,正常
2025/7/8,PACKAGER_B_05,670387,15,1,运行,无,正常
2025/7/8,PACKAGER_B_06,670387,15,1,运行,无,正常
2025/7/8,FILLER_01,402800,15,1,运行,无,正常
2025/7/8,FILLER_02,402800,15,1,运行,无,正常
2025/7/8,FILLER_03,402800,15,1,运行,无,正常
2025/7/8,FILLER_04,402800,15,1,运行,无,正常
2025/7/8,FILLER_05,402800,15,1,运行,无,正常
2025/7/8,FILLER_06,402800,15,1,运行,无,正常
2025/7/8,FILLER_07,402800,15,1,运行,无,正常
2025/7/8,FILLER_08,402800,15,1,运行,无,正常
2025/7/8,FILLER_09,402800,15,1,运行,无,正常
2025/7/8,FILLER_10,402800,15,1,运行,无,正常
2025/7/8,FILLER_11,402800,15,1,运行,无,正常
2025/7/8,STERILIZER_01,2210422,15,1,运行,无,正常
2025/7/8,STERILIZER_02,2210422,15,1,运行,无,正常
2025/7/9,PACKAGER_A_01,66500,15,1,运行,无,正常
2025/7/9,PACKAGER_A_02,66500,15,1,运行,无,正常
2025/7/9,PACKAGER_A_03,66500,15,1,运行,无,正常
2025/7/9,PACKAGER_A_04,66500,15,1,运行,无,正常
2025/7/9,PACKAGER_A_05,66500,15,1,运行,无,正常
2025/7/9,PACKAGER_A_06,66500,15,1,运行,无,正常
2025/7/9,PACKAGER_B_01,66500,15,1,运行,无,正常
2025/7/9,PACKAGER_B_02,66500,15,1,运行,无,正常
2025/7/9,PACKAGER_B_03,66500,15,1,运行,无,正常
2025/7/9,PACKAGER_B_04,66500,15,1,运行,无,正常
2025/7/9,PACKAGER_B_05,66500,15,1,运行,无,正常
2025/7/9,PACKAGER_B_06,66500,15,1,运行,无,正常
2025/7/9,FILLER_01,403175,15,1,运行,无,正常
2025/7/9,FILLER_02,403175,15,1,运行,无,正常
2025/7/9,FILLER_03,403175,15,1,运行,无,正常
2025/7/9,FILLER_04,403175,15,1,运行,无,正常
2025/7/9,FILLER_05,403175,15,1,运行,无,正常
2025/7/9,FILLER_06,403175,15,1,运行,无,正常
2025/7/9,FILLER_07,403175,15,1,运行,无,正常
2025/7/9,FILLER_08,403175,15,1,运行,无,正常
2025/7/9,FILLER_09,403175,15,1,运行,无,正常
2025/7/9,FILLER_10,403175,15,1,运行,无,正常
2025/7/9,FILLER_11,403175,15,1,运行,无,正常
2025/7/9,STERILIZER_01,2212628,15,1,运行,无,正常
2025/7/9,STERILIZER_02,2212628,15,1,运行,无,正常
2025/8/1,PACKAGER_A_01,402702,15,1,运行,无,正常
2025/8/1,PACKAGER_A_02,402702,15,1,运行,无,正常
2025/8/1,PACKAGER_A_03,402702,15,1,运行,无,正常
2025/8/1,PACKAGER_A_04,402702,15,1,运行,无,正常
2025/8/1,PACKAGER_A_05,402702,15,1,运行,无,正常
2025/8/1,PACKAGER_A_06,402702,15,1,运行,无,正常
2025/8/1,PACKAGER_B_01,402702,15,1,运行,无,正常
2025/8/1,PACKAGER_B_02,402702,15,1,运行,无,正常
2025/8/1,PACKAGER_B_03,402702,15,1,运行,无,正常
2025/8/1,PACKAGER_B_04,402702,15,1,运行,无,正常
2025/8/1,PACKAGER_B_05,402702,15,1,运行,无,正常
2025/8/1,PACKAGER_B_06,402702,15,1,运行,无,正常
2025/8/1,FILLER_01,441168,15,1,运行,无,正常
2025/8/1,FILLER_02,441168,15,1,运行,无,正常
2025/8/1,FILLER_03,441168,15,1,运行,无,正常
2025/8/1,FILLER_04,441168,15,1,运行,无,正常
2025/8/1,FILLER_05,441168,15,1,运行,无,正常
2025/8/1,FILLER_06,441168,15,1,运行,无,正常
2025/8/1,FILLER_07,441168,15,1,运行,无,正常
2025/8/1,FILLER_08,441168,0,16,停机,液压,液压故障
2025/8/1,FILLER_09,441168,15,1,运行,无,正常
2025/8/1,FILLER_10,441168,15,1,运行,无,正常
2025/8/1,FILLER_11,441168,15,1,运行,无,正常
2025/8/1,STERILIZER_01,2421010,15,1,运行,无,正常
2025/8/1,STERILIZER_02,2421010,15,1,运行,无,正常
2025/8/10,PACKAGER_A_01,200886,15,1,运行,无,正常
2025/8/10,PACKAGER_A_02,200886,15,1,运行,无,正常
2025/8/10,PACKAGER_A_03,200886,15,1,运行,无,正常
2025/8/10,PACKAGER_A_04,200886,15,1,运行,无,正常
2025/8/10,PACKAGER_A_05,200886,15,1,运行,无,正常
2025/8/10,PACKAGER_A_06,200886,15,1,运行,无,正常
2025/8/10,PACKAGER_B_01,200886,15,1,运行,无,正常
2025/8/10,PACKAGER_B_02,200886,15,1,运行,无,正常
2025/8/10,PACKAGER_B_03,200886,15,1,运行,无,正常
2025/8/10,PACKAGER_B_04,200886,15,1,运行,无,正常
2025/8/10,PACKAGER_B_05,200886,15,1,运行,无,正常
2025/8/10,PACKAGER_B_06,200886,15,1,运行,无,正常
2025/8/10,FILLER_01,146408,15,1,运行,无,正常
2025/8/10,FILLER_02,146408,15,1,运行,无,正常
2025/8/10,FILLER_03,146408,15,1,运行,无,正常
2025/8/10,FILLER_04,146408,15,1,运行,无,正常
2025/8/10,FILLER_05,146408,15,1,运行,无,正常
2025/8/10,FILLER_06,146408,15,1,运行,无,正常
2025/8/10,FILLER_07,146408,15,1,运行,无,正常
2025/8/10,FILLER_08,146408,15,1,运行,无,正常
2025/8/10,FILLER_09,146408,15,1,运行,无,正常
2025/8/10,FILLER_10,146408,15,1,运行,无,正常
2025/8/10,FILLER_11,146408,15,1,运行,无,正常
2025/8/10,STERILIZER_01,803441,15,1,运行,无,正常
2025/8/10,STERILIZER_02,803441,15,1,运行,无,正常
2025/8/11,PACKAGER_A_01,220262,15,1,运行,无,正常
2025/8/11,PACKAGER_A_02,220262,15,1,运行,无,正常
2025/8/11,PACKAGER_A_03,220262,15,1,运行,无,正常
2025/8/11,PACKAGER_A_04,220262,15,1,运行,无,正常
2025/8/11,PACKAGER_A_05,220262,15,1,运行,无,正常
2025/8/11,PACKAGER_A_06,220262,15,1,运行,无,正常
2025/8/11,PACKAGER_B_01,220262,15,1,运行,无,正常
2025/8/11,PACKAGER_B_02,220262,15,1,运行,无,正常
2025/8/11,PACKAGER_B_03,220262,15,1,运行,无,正常
2025/8/11,PACKAGER_B_04,220262,15,1,运行,无,正常
2025/8/11,PACKAGER_B_05,220262,15,1,运行,无,正常
2025/8/11,PACKAGER_B_06,220262,15,1,运行,无,正常
2025/8/11,FILLER_01,292270,15,1,运行,无,正常
2025/8/11,FILLER_02,292270,15,1,运行,无,正常
2025/8/11,FILLER_03,292270,15,1,运行,无,正常
2025/8/11,FILLER_04,292270,15,1,运行,无,正常
2025/8/11,FILLER_05,292270,15,1,运行,无,正常
2025/8/11,FILLER_06,292270,15,1,运行,无,正常
2025/8/11,FILLER_07,292270,15,1,运行,无,正常
2025/8/11,FILLER_08,292270,15,1,运行,无,正常
2025/8/11,FILLER_09,292270,15,1,运行,无,正常
2025/8/11,FILLER_10,292270,15,1,运行,无,正常
2025/8/11,FILLER_11,292270,15,1,运行,无,正常
2025/8/11,STERILIZER_01,1604051,15,1,运行,无,正常
2025/8/11,STERILIZER_02,1604051,15,1,运行,无,正常
2025/8/12,PACKAGER_A_01,335763,15,1,运行,无,正常
2025/8/12,PACKAGER_A_02,335763,15,1,运行,无,正常
2025/8/12,PACKAGER_A_03,335763,15,1,运行,无,正常
2025/8/12,PACKAGER_A_04,335763,15,1,运行,无,正常
2025/8/12,PACKAGER_A_05,335763,15,1,运行,无,正常
2025/8/12,PACKAGER_A_06,335763,15,1,运行,无,正常
2025/8/12,PACKAGER_B_01,335763,15,1,运行,无,正常
2025/8/12,PACKAGER_B_02,335763,15,1,运行,无,正常
2025/8/12,PACKAGER_B_03,335763,15,1,运行,无,正常
2025/8/12,PACKAGER_B_04,335763,15,1,运行,无,正常
2025/8/12,PACKAGER_B_05,335763,15,1,运行,无,正常
2025/8/12,PACKAGER_B_06,335763,15,1,运行,无,正常
2025/8/12,FILLER_01,293402,15,1,运行,无,正常
2025/8/12,FILLER_02,293402,15,1,运行,无,正常
2025/8/12,FILLER_03,293402,0,16,停机,机械,机械故障
2025/8/12,FILLER_04,293402,15,1,运行,无,正常
2025/8/12,FILLER_05,293402,15,1,运行,无,正常
2025/8/12,FILLER_06,293402,15,1,运行,无,正常
2025/8/12,FILLER_07,293402,15,1,运行,无,正常
2025/8/12,FILLER_08,293402,15,1,运行,无,正常
2025/8/12,FILLER_09,293402,15,1,运行,无,正常
2025/8/12,FILLER_10,293402,15,1,运行,无,正常
2025/8/12,FILLER_11,293402,15,1,运行,无,正常
2025/8/12,STERILIZER_01,1610329,15,1,运行,无,正常
2025/8/12,STERILIZER_02,1610329,15,1,运行,无,正常
2025/8/13,PACKAGER_A_01,335364,15,1,运行,无,正常
2025/8/13,PACKAGER_A_02,335364,15,1,运行,无,正常
2025/8/13,PACKAGER_A_03,335364,15,1,运行,无,正常
2025/8/13,PACKAGER_A_04,335364,15,1,运行,无,正常
2025/8/13,PACKAGER_A_05,335364,15,1,运行,无,正常
2025/8/13,PACKAGER_A_06,335364,15,1,运行,无,正常
2025/8/13,PACKAGER_B_01,335364,15,1,运行,无,正常
2025/8/13,PACKAGER_B_02,335364,15,1,运行,无,正常
2025/8/13,PACKAGER_B_03,335364,15,1,运行,无,正常
2025/8/13,PACKAGER_B_04,335364,15,1,运行,无,正常
2025/8/13,PACKAGER_B_05,335364,15,1,运行,无,正常
2025/8/13,PACKAGER_B_06,335364,15,1,运行,无,正常
2025/8/13,FILLER_01,440503,15,1,运行,无,正常
2025/8/13,FILLER_02,440503,15,1,运行,无,正常
2025/8/13,FILLER_03,440503,15,1,运行,无,正常
2025/8/13,FILLER_04,440503,15,1,运行,无,正常
2025/8/13,FILLER_05,440503,0,16,停机,软件,软件故障
2025/8/13,FILLER_06,440503,0,16,停机,液压,液压故障
2025/8/13,FILLER_07,440503,15,1,运行,无,正常
2025/8/13,FILLER_08,440503,15,1,运行,无,正常
2025/8/13,FILLER_09,440503,15,1,运行,无,正常
2025/8/13,FILLER_10,440503,0,16,停机,电气,电气故障
2025/8/13,FILLER_11,440503,15,1,运行,无,正常
2025/8/13,STERILIZER_01,2417434,15,1,运行,无,正常
2025/8/13,STERILIZER_02,2417434,15,1,运行,无,正常
2025/8/14,PACKAGER_A_01,369243,15,1,运行,无,正常
2025/8/14,PACKAGER_A_02,369243,15,1,运行,无,正常
2025/8/14,PACKAGER_A_03,369243,15,1,运行,无,正常
2025/8/14,PACKAGER_A_04,369243,15,1,运行,无,正常
2025/8/14,PACKAGER_A_05,369243,15,1,运行,无,正常
2025/8/14,PACKAGER_A_06,369243,15,1,运行,无,正常
2025/8/14,PACKAGER_B_01,369243,15,1,运行,无,正常
2025/8/14,PACKAGER_B_02,369243,15,1,运行,无,正常
2025/8/14,PACKAGER_B_03,369243,15,1,运行,无,正常
2025/8/14,PACKAGER_B_04,369243,15,1,运行,无,正常
2025/8/14,PACKAGER_B_05,369243,15,1,运行,无,正常
2025/8/14,PACKAGER_B_06,369243,15,1,运行,无,正常
2025/8/14,FILLER_01,367984,15,1,运行,无,正常
2025/8/14,FILLER_02,367984,15,1,运行,无,正常
2025/8/14,FILLER_03,367984,15,1,运行,无,正常
2025/8/14,FILLER_04,367984,15,1,运行,无,正常
2025/8/14,FILLER_05,367984,15,1,运行,无,正常
2025/8/14,FILLER_06,367984,15,1,运行,无,正常
2025/8/14,FILLER_07,367984,15,1,运行,无,正常
2025/8/14,FILLER_08,367984,15,1,运行,无,正常
2025/8/14,FILLER_09,367984,15,1,运行,无,正常
2025/8/14,FILLER_10,367984,15,1,运行,无,正常
2025/8/14,FILLER_11,367984,15,1,运行,无,正常
2025/8/14,STERILIZER_01,2019678,15,1,运行,无,正常
2025/8/14,STERILIZER_02,2019678,15,1,运行,无,正常
2025/8/15,PACKAGER_A_01,369066,0,16,停机,液压,液压故障
2025/8/15,PACKAGER_A_02,369066,15,1,运行,无,正常
2025/8/15,PACKAGER_A_03,369066,15,1,运行,无,正常
2025/8/15,PACKAGER_A_04,369066,15,1,运行,无,正常
2025/8/15,PACKAGER_A_05,369066,15,1,运行,无,正常
2025/8/15,PACKAGER_A_06,369066,15,1,运行,无,正常
2025/8/15,PACKAGER_B_01,369066,15,1,运行,无,正常
2025/8/15,PACKAGER_B_02,369066,15,1,运行,无,正常
2025/8/15,PACKAGER_B_03,369066,15,1,运行,无,正常
2025/8/15,PACKAGER_B_04,369066,15,1,运行,无,正常
2025/8/15,PACKAGER_B_05,369066,15,1,运行,无,正常
2025/8/15,PACKAGER_B_06,369066,0,16,停机,软件,软件故障
2025/8/15,FILLER_01,440814,15,1,运行,无,正常
2025/8/15,FILLER_02,440814,15,1,运行,无,正常
2025/8/15,FILLER_03,440814,15,1,运行,无,正常
2025/8/15,FILLER_04,440814,15,1,运行,无,正常
2025/8/15,FILLER_05,440814,15,1,运行,无,正常
2025/8/15,FILLER_06,440814,15,1,运行,无,正常
2025/8/15,FILLER_07,440814,15,1,运行,无,正常
2025/8/15,FILLER_08,440814,15,1,运行,无,正常
2025/8/15,FILLER_09,440814,15,1,运行,无,正常
2025/8/15,FILLER_10,440814,15,1,运行,无,正常
2025/8/15,FILLER_11,440814,15,1,运行,无,正常
2025/8/15,STERILIZER_01,2419358,15,1,运行,无,正常
2025/8/15,STERILIZER_02,2419358,15,1,运行,无,正常
2025/8/16,PACKAGER_A_01,336449,15,1,运行,无,正常
2025/8/16,PACKAGER_A_02,336449,15,1,运行,无,正常
2025/8/16,PACKAGER_A_03,336449,15,1,运行,无,正常
2025/8/16,PACKAGER_A_04,336449,15,1,运行,无,正常
2025/8/16,PACKAGER_A_05,336449,15,1,运行,无,正常
2025/8/16,PACKAGER_A_06,336449,15,1,运行,无,正常
2025/8/16,PACKAGER_B_01,336449,15,1,运行,无,正常
2025/8/16,PACKAGER_B_02,336449,15,1,运行,无,正常
2025/8/16,PACKAGER_B_03,336449,15,1,运行,无,正常
2025/8/16,PACKAGER_B_04,336449,15,1,运行,无,正常
2025/8/16,PACKAGER_B_05,336449,15,1,运行,无,正常
2025/8/16,PACKAGER_B_06,336449,15,1,运行,无,正常
2025/8/16,FILLER_01,514886,15,1,运行,无,正常
2025/8/16,FILLER_02,514886,15,1,运行,无,正常
2025/8/16,FILLER_03,514886,15,1,运行,无,正常
2025/8/16,FILLER_04,514886,0,16,停机,液压,液压故障
2025/8/16,FILLER_05,514886,15,1,运行,无,正常
2025/8/16,FILLER_06,514886,15,1,运行,无,正常
2025/8/16,FILLER_07,514886,15,1,运行,无,正常
2025/8/16,FILLER_08,514886,15,1,运行,无,正常
2025/8/16,FILLER_09,514886,15,1,运行,无,正常
2025/8/16,FILLER_10,514886,15,1,运行,无,正常
2025/8/16,FILLER_11,514886,15,1,运行,无,正常
2025/8/16,STERILIZER_01,2825873,15,1,运行,无,正常
2025/8/16,STERILIZER_02,2825873,15,1,运行,无,正常
2025/8/17,PACKAGER_A_01,413720,15,1,运行,无,正常
2025/8/17,PACKAGER_A_02,413720,15,1,运行,无,正常
2025/8/17,PACKAGER_A_03,413720,15,1,运行,无,正常
2025/8/17,PACKAGER_A_04,413720,15,1,运行,无,正常
2025/8/17,PACKAGER_A_05,413720,15,1,运行,无,正常
2025/8/17,PACKAGER_A_06,413720,15,1,运行,无,正常
2025/8/17,PACKAGER_B_01,413720,15,1,运行,无,正常
2025/8/17,PACKAGER_B_02,413720,15,1,运行,无,正常
2025/8/17,PACKAGER_B_03,413720,15,1,运行,无,正常
2025/8/17,PACKAGER_B_04,413720,15,1,运行,无,正常
2025/8/17,PACKAGER_B_05,413720,15,1,运行,无,正常
2025/8/17,PACKAGER_B_06,413720,15,1,运行,无,正常
2025/8/17,FILLER_01,367038,15,1,运行,无,正常
2025/8/17,FILLER_02,367038,15,1,运行,无,正常
2025/8/17,FILLER_03,367038,15,1,运行,无,正常
2025/8/17,FILLER_04,367038,15,1,运行,无,正常
2025/8/17,FILLER_05,367038,15,1,运行,无,正常
2025/8/17,FILLER_06,367038,0,16,停机,电气,电气故障
2025/8/17,FILLER_07,367038,15,1,运行,无,正常
2025/8/17,FILLER_08,367038,15,1,运行,无,正常
2025/8/17,FILLER_09,367038,15,1,运行,无,正常
2025/8/17,FILLER_10,367038,0,16,停机,机械,机械故障
2025/8/17,FILLER_11,367038,15,1,运行,无,正常
2025/8/17,STERILIZER_01,2014645,15,1,运行,无,正常
2025/8/17,STERILIZER_02,2014645,15,1,运行,无,正常
2025/8/18,PACKAGER_A_01,361173,15,1,运行,无,正常
2025/8/18,PACKAGER_A_02,361173,15,1,运行,无,正常
2025/8/18,PACKAGER_A_03,361173,15,1,运行,无,正常
2025/8/18,PACKAGER_A_04,361173,15,1,运行,无,正常
2025/8/18,PACKAGER_A_05,361173,15,1,运行,无,正常
2025/8/18,PACKAGER_A_06,361173,15,1,运行,无,正常
2025/8/18,PACKAGER_B_01,361173,15,1,运行,无,正常
2025/8/18,PACKAGER_B_02,361173,15,1,运行,无,正常
2025/8/18,PACKAGER_B_03,361173,15,1,运行,无,正常
2025/8/18,PACKAGER_B_04,361173,15,1,运行,无,正常
2025/8/18,PACKAGER_B_05,361173,15,1,运行,无,正常
2025/8/18,PACKAGER_B_06,361173,15,1,运行,无,正常
2025/8/18,FILLER_01,368481,15,1,运行,无,正常
2025/8/18,FILLER_02,368481,15,1,运行,无,正常
2025/8/18,FILLER_03,368481,15,1,运行,无,正常
2025/8/18,FILLER_04,368481,15,1,运行,无,正常
2025/8/18,FILLER_05,368481,0,16,停机,液压,液压故障
2025/8/18,FILLER_06,368481,15,1,运行,无,正常
2025/8/18,FILLER_07,368481,15,1,运行,无,正常
2025/8/18,FILLER_08,368481,15,1,运行,无,正常
2025/8/18,FILLER_09,368481,15,1,运行,无,正常
2025/8/18,FILLER_10,368481,15,1,运行,无,正常
2025/8/18,FILLER_11,368481,15,1,运行,无,正常
2025/8/18,STERILIZER_01,2022688,15,1,运行,无,正常
2025/8/18,STERILIZER_02,2022688,15,1,运行,无,正常
2025/8/19,PACKAGER_A_01,168566,15,1,运行,无,正常
2025/8/19,PACKAGER_A_02,168566,15,1,运行,无,正常
2025/8/19,PACKAGER_A_03,168566,15,1,运行,无,正常
2025/8/19,PACKAGER_A_04,168566,15,1,运行,无,正常
2025/8/19,PACKAGER_A_05,168566,15,1,运行,无,正常
2025/8/19,PACKAGER_A_06,168566,15,1,运行,无,正常
2025/8/19,PACKAGER_B_01,168566,15,1,运行,无,正常
2025/8/19,PACKAGER_B_02,168566,15,1,运行,无,正常
2025/8/19,PACKAGER_B_03,168566,15,1,运行,无,正常
2025/8/19,PACKAGER_B_04,168566,15,1,运行,无,正常
2025/8/19,PACKAGER_B_05,168566,15,1,运行,无,正常
2025/8/19,PACKAGER_B_06,168566,15,1,运行,无,正常
2025/8/2,PACKAGER_A_01,33420,15,1,运行,无,正常
2025/8/2,PACKAGER_A_02,33420,15,1,运行,无,正常
2025/8/2,PACKAGER_A_03,33420,15,1,运行,无,正常
2025/8/2,PACKAGER_A_04,33420,15,1,运行,无,正常
2025/8/2,PACKAGER_A_05,33420,15,1,运行,无,正常
2025/8/2,PACKAGER_A_06,33420,15,1,运行,无,正常
2025/8/2,PACKAGER_B_01,33420,15,1,运行,无,正常
2025/8/2,PACKAGER_B_02,33420,15,1,运行,无,正常
2025/8/2,PACKAGER_B_03,33420,15,1,运行,无,正常
2025/8/2,PACKAGER_B_04,33420,0,16,停机,液压,液压故障
2025/8/2,PACKAGER_B_05,33420,15,1,运行,无,正常
2025/8/2,PACKAGER_B_06,33420,15,1,运行,无,正常
2025/8/2,FILLER_01,36837,15,1,运行,无,正常
2025/8/2,FILLER_02,36837,15,1,运行,无,正常
2025/8/2,FILLER_03,36837,0,16,停机,液压,液压故障
2025/8/2,FILLER_04,36837,15,1,运行,无,正常
2025/8/2,FILLER_05,36837,15,1,运行,无,正常
2025/8/2,FILLER_06,36837,15,1,运行,无,正常
2025/8/2,FILLER_07,36837,15,1,运行,无,正常
2025/8/2,FILLER_08,36837,15,1,运行,无,正常
2025/8/2,FILLER_09,36837,15,1,运行,无,正常
2025/8/2,FILLER_10,36837,15,1,运行,无,正常
2025/8/2,FILLER_11,36837,15,1,运行,无,正常
2025/8/2,STERILIZER_01,202150,15,1,运行,无,正常
2025/8/2,STERILIZER_02,202150,15,1,运行,无,正常
2025/8/3,PACKAGER_A_01,0,15,1,运行,无,正常
2025/8/3,PACKAGER_A_02,0,15,1,运行,无,正常
2025/8/3,PACKAGER_A_03,0,15,1,运行,无,正常
2025/8/3,PACKAGER_A_04,0,15,1,运行,无,正常
2025/8/3,PACKAGER_A_05,0,15,1,运行,无,正常
2025/8/3,PACKAGER_A_06,0,15,1,运行,无,正常
2025/8/3,PACKAGER_B_01,0,15,1,运行,无,正常
2025/8/3,PACKAGER_B_02,0,15,1,运行,无,正常
2025/8/3,PACKAGER_B_03,0,15,1,运行,无,正常
2025/8/3,PACKAGER_B_04,0,15,1,运行,无,正常
2025/8/3,PACKAGER_B_05,0,15,1,运行,无,正常
2025/8/3,PACKAGER_B_06,0,15,1,运行,无,正常
2025/8/3,FILLER_01,0,15,1,运行,无,正常
2025/8/3,FILLER_02,0,0,16,停机,软件,软件故障
2025/8/3,FILLER_03,0,15,1,运行,无,正常
2025/8/3,FILLER_04,0,15,1,运行,无,正常
2025/8/3,FILLER_05,0,15,1,运行,无,正常
2025/8/3,FILLER_06,0,15,1,运行,无,正常
2025/8/3,FILLER_07,0,15,1,运行,无,正常
2025/8/3,FILLER_08,0,15,1,运行,无,正常
2025/8/3,FILLER_09,0,15,1,运行,无,正常
2025/8/3,FILLER_10,0,15,1,运行,无,正常
2025/8/3,FILLER_11,0,15,1,运行,无,正常
2025/8/3,STERILIZER_01,0,15,1,运行,无,正常
2025/8/3,STERILIZER_02,0,15,1,运行,无,正常
2025/8/4,PACKAGER_A_01,334675,15,1,运行,无,正常
2025/8/4,PACKAGER_A_02,334675,15,1,运行,无,正常
2025/8/4,PACKAGER_A_03,334675,0,16,停机,机械,机械故障
2025/8/4,PACKAGER_A_04,334675,15,1,运行,无,正常
2025/8/4,PACKAGER_A_05,334675,0,16,停机,电气,电气故障
2025/8/4,PACKAGER_A_06,334675,15,1,运行,无,正常
2025/8/4,PACKAGER_B_01,334675,15,1,运行,无,正常
2025/8/4,PACKAGER_B_02,334675,15,1,运行,无,正常
2025/8/4,PACKAGER_B_03,334675,15,1,运行,无,正常
2025/8/4,PACKAGER_B_04,334675,15,1,运行,无,正常
2025/8/4,PACKAGER_B_05,334675,15,1,运行,无,正常
2025/8/4,PACKAGER_B_06,334675,15,1,运行,无,正常
2025/8/4,FILLER_01,292323,15,1,运行,无,正常
2025/8/4,FILLER_02,292323,15,1,运行,无,正常
2025/8/4,FILLER_03,292323,15,1,运行,无,正常
2025/8/4,FILLER_04,292323,15,1,运行,无,正常
2025/8/4,FILLER_05,292323,15,1,运行,无,正常
2025/8/4,FILLER_06,292323,15,1,运行,无,正常
2025/8/4,FILLER_07,292323,15,1,运行,无,正常
2025/8/4,FILLER_08,292323,15,1,运行,无,正常
2025/8/4,FILLER_09,292323,15,1,运行,无,正常
2025/8/4,FILLER_10,292323,15,1,运行,无,正常
2025/8/4,FILLER_11,292323,15,1,运行,无,正常
2025/8/4,STERILIZER_01,1604260,15,1,运行,无,正常
2025/8/4,STERILIZER_02,1604260,15,1,运行,无,正常
2025/8/5,PACKAGER_A_01,327328,15,1,运行,无,正常
2025/8/5,PACKAGER_A_02,327328,15,1,运行,无,正常
2025/8/5,PACKAGER_A_03,327328,0,16,停机,软件,软件故障
2025/8/5,PACKAGER_A_04,327328,15,1,运行,无,正常
2025/8/5,PACKAGER_A_05,327328,15,1,运行,无,正常
2025/8/5,PACKAGER_A_06,327328,15,1,运行,无,正常
2025/8/5,PACKAGER_B_01,327328,15,1,运行,无,正常
2025/8/5,PACKAGER_B_02,327328,15,1,运行,无,正常
2025/8/5,PACKAGER_B_03,327328,0,16,停机,机械,机械故障
2025/8/5,PACKAGER_B_04,327328,15,1,运行,无,正常
2025/8/5,PACKAGER_B_05,327328,15,1,运行,无,正常
2025/8/5,PACKAGER_B_06,327328,15,1,运行,无,正常
2025/8/5,FILLER_01,367838,15,1,运行,无,正常
2025/8/5,FILLER_02,367838,15,1,运行,无,正常
2025/8/5,FILLER_03,367838,15,1,运行,无,正常
2025/8/5,FILLER_04,367838,15,1,运行,无,正常
2025/8/5,FILLER_05,367838,15,1,运行,无,正常
2025/8/5,FILLER_06,367838,15,1,运行,无,正常
2025/8/5,FILLER_07,367838,15,1,运行,无,正常
2025/8/5,FILLER_08,367838,15,1,运行,无,正常
2025/8/5,FILLER_09,367838,15,1,运行,无,正常
2025/8/5,FILLER_10,367838,15,1,运行,无,正常
2025/8/5,FILLER_11,367838,15,1,运行,无,正常
2025/8/5,STERILIZER_01,2018677,15,1,运行,无,正常
2025/8/5,STERILIZER_02,2018677,15,1,运行,无,正常
2025/8/6,PACKAGER_A_01,367905,15,1,运行,无,正常
2025/8/6,PACKAGER_A_02,367905,15,1,运行,无,正常
2025/8/6,PACKAGER_A_03,367905,15,1,运行,无,正常
2025/8/6,PACKAGER_A_04,367905,15,1,运行,无,正常
2025/8/6,PACKAGER_A_05,367905,15,1,运行,无,正常
2025/8/6,PACKAGER_A_06,367905,15,1,运行,无,正常
2025/8/6,PACKAGER_B_01,367905,0,16,停机,机械,机械故障
2025/8/6,PACKAGER_B_02,367905,15,1,运行,无,正常
2025/8/6,PACKAGER_B_03,367905,0,16,停机,机械,机械故障
2025/8/6,PACKAGER_B_04,367905,15,1,运行,无,正常
2025/8/6,PACKAGER_B_05,367905,15,1,运行,无,正常
2025/8/6,PACKAGER_B_06,367905,15,1,运行,无,正常
2025/8/6,FILLER_01,402932,15,1,运行,无,正常
2025/8/6,FILLER_02,402932,15,1,运行,无,正常
2025/8/6,FILLER_03,402932,15,1,运行,无,正常
2025/8/6,FILLER_04,402932,15,1,运行,无,正常
2025/8/6,FILLER_05,402932,15,1,运行,无,正常
2025/8/6,FILLER_06,402932,15,1,运行,无,正常
2025/8/6,FILLER_07,402932,15,1,运行,无,正常
2025/8/6,FILLER_08,402932,15,1,运行,无,正常
2025/8/6,FILLER_09,402932,15,1,运行,无,正常
2025/8/6,FILLER_10,402932,15,1,运行,无,正常
2025/8/6,FILLER_11,402932,15,1,运行,无,正常
2025/8/6,STERILIZER_01,2211224,15,1,运行,无,正常
2025/8/6,STERILIZER_02,2211224,15,1,运行,无,正常
2025/8/7,PACKAGER_A_01,402936,15,1,运行,无,正常
2025/8/7,PACKAGER_A_02,402936,15,1,运行,无,正常
2025/8/7,PACKAGER_A_03,402936,15,1,运行,无,正常
2025/8/7,PACKAGER_A_04,402936,15,1,运行,无,正常
2025/8/7,PACKAGER_A_05,402936,15,1,运行,无,正常
2025/8/7,PACKAGER_A_06,402936,15,1,运行,无,正常
2025/8/7,PACKAGER_B_01,402936,15,1,运行,无,正常
2025/8/7,PACKAGER_B_02,402936,15,1,运行,无,正常
2025/8/7,PACKAGER_B_03,402936,15,1,运行,无,正常
2025/8/7,PACKAGER_B_04,402936,15,1,运行,无,正常
2025/8/7,PACKAGER_B_05,402936,15,1,运行,无,正常
2025/8/7,PACKAGER_B_06,402936,15,1,运行,无,正常
2025/8/7,FILLER_01,403498,15,1,运行,无,正常
2025/8/7,FILLER_02,403498,15,1,运行,无,正常
2025/8/7,FILLER_03,403498,15,1,运行,无,正常
2025/8/7,FILLER_04,403498,15,1,运行,无,正常
2025/8/7,FILLER_05,403498,15,1,运行,无,正常
2025/8/7,FILLER_06,403498,15,1,运行,无,正常
2025/8/7,FILLER_07,403498,15,1,运行,无,正常
2025/8/7,FILLER_08,403498,15,1,运行,无,正常
2025/8/7,FILLER_09,403498,15,1,运行,无,正常
2025/8/7,FILLER_10,403498,15,1,运行,无,正常
2025/8/7,FILLER_11,403498,15,1,运行,无,正常
2025/8/7,STERILIZER_01,2214575,15,1,运行,无,正常
2025/8/7,STERILIZER_02,2214575,15,1,运行,无,正常
2025/8/8,PACKAGER_A_01,368218,15,1,运行,无,正常
2025/8/8,PACKAGER_A_02,368218,15,1,运行,无,正常
2025/8/8,PACKAGER_A_03,368218,15,1,运行,无,正常
2025/8/8,PACKAGER_A_04,368218,15,1,运行,无,正常
2025/8/8,PACKAGER_A_05,368218,15,1,运行,无,正常
2025/8/8,PACKAGER_A_06,368218,15,1,运行,无,正常
2025/8/8,PACKAGER_B_01,368218,15,1,运行,无,正常
2025/8/8,PACKAGER_B_02,368218,15,1,运行,无,正常
2025/8/8,PACKAGER_B_03,368218,15,1,运行,无,正常
2025/8/8,PACKAGER_B_04,368218,15,1,运行,无,正常
2025/8/8,PACKAGER_B_05,368218,15,1,运行,无,正常
2025/8/8,PACKAGER_B_06,368218,15,1,运行,无,正常
2025/8/8,FILLER_01,440426,15,1,运行,无,正常
2025/8/8,FILLER_02,440426,15,1,运行,无,正常
2025/8/8,FILLER_03,440426,15,1,运行,无,正常
2025/8/8,FILLER_04,440426,15,1,运行,无,正常
2025/8/8,FILLER_05,440426,0,16,停机,液压,液压故障
2025/8/8,FILLER_06,440426,15,1,运行,无,正常
2025/8/8,FILLER_07,440426,15,1,运行,无,正常
2025/8/8,FILLER_08,440426,15,1,运行,无,正常
2025/8/8,FILLER_09,440426,15,1,运行,无,正常
2025/8/8,FILLER_10,440426,15,1,运行,无,正常
2025/8/8,FILLER_11,440426,15,1,运行,无,正常
2025/8/8,STERILIZER_01,2417125,15,1,运行,无,正常
2025/8/8,STERILIZER_02,2417125,15,1,运行,无,正常
2025/8/9,PACKAGER_A_01,368486,15,1,运行,无,正常
2025/8/9,PACKAGER_A_02,368486,15,1,运行,无,正常
2025/8/9,PACKAGER_A_03,368486,15,1,运行,无,正常
2025/8/9,PACKAGER_A_04,368486,15,1,运行,无,正常
2025/8/9,PACKAGER_A_05,368486,15,1,运行,无,正常
2025/8/9,PACKAGER_A_06,368486,0,16,停机,软件,软件故障
2025/8/9,PACKAGER_B_01,368486,15,1,运行,无,正常
2025/8/9,PACKAGER_B_02,368486,15,1,运行,无,正常
2025/8/9,PACKAGER_B_03,368486,0,16,停机,电气,电气故障
2025/8/9,PACKAGER_B_04,368486,15,1,运行,无,正常
2025/8/9,PACKAGER_B_05,368486,15,1,运行,无,正常
2025/8/9,PACKAGER_B_06,368486,15,1,运行,无,正常
2025/8/9,FILLER_01,367910,15,1,运行,无,正常
2025/8/9,FILLER_02,367910,15,1,运行,无,正常
2025/8/9,FILLER_03,367910,15,1,运行,无,正常
2025/8/9,FILLER_04,367910,15,1,运行,无,正常
2025/8/9,FILLER_05,367910,15,1,运行,无,正常
2025/8/9,FILLER_06,367910,15,1,运行,无,正常
2025/8/9,FILLER_07,367910,15,1,运行,无,正常
2025/8/9,FILLER_08,367910,15,1,运行,无,正常
2025/8/9,FILLER_09,367910,0,16,停机,软件,软件故障
2025/8/9,FILLER_10,367910,15,1,运行,无,正常
2025/8/9,FILLER_11,367910,15,1,运行,无,正常
2025/8/9,STERILIZER_01,2019053,0,16,停机,机械,机械故障
2025/8/9,STERILIZER_02,2019053,15,1,运行,无,正常
